sweep,size,algorithm,probability_numerator,probability_denominator,probability,seed,request_id,status,message_correct,sender_note,received_bits,source_bits,redundancy_bits,reported_flipped_bits,detected_units,corrected_bits,uncorrectable_units,overhead_ratio
main,8,crc32-iso-hdlc,0,1,0.0,0,main-1,ok,True,,96,64,32,0,0,0,0,0.5
main,8,crc32-iso-hdlc,0,1,0.0,1,main-2,ok,True,,96,64,32,0,0,0,0,0.5
main,8,crc32-iso-hdlc,0,1,0.0,2,main-3,ok,True,,96,64,32,0,0,0,0,0.5
main,8,crc32-iso-hdlc,0,1,0.0,3,main-4,ok,True,,96,64,32,0,0,0,0,0.5
main,8,crc32-iso-hdlc,0,1,0.0,4,main-5,ok,True,,96,64,32,0,0,0,0,0.5
main,8,crc32-iso-hdlc,0,1,0.0,5,main-6,ok,True,,96,64,32,0,0,0,0,0.5
main,8,crc32-iso-hdlc,0,1,0.0,6,main-7,ok,True,,96,64,32,0,0,0,0,0.5
main,8,crc32-iso-hdlc,0,1,0.0,7,main-8,ok,True,,96,64,32,0,0,0,0,0.5
main,8,crc32-iso-hdlc,0,1,0.0,8,main-9,ok,True,,96,64,32,0,0,0,0,0.5
main,8,crc32-iso-hdlc,0,1,0.0,9,main-10,ok,True,,96,64,32,0,0,0,0,0.5
main,8,crc32-iso-hdlc,0,1,0.0,10,main-11,ok,True,,96,64,32,0,0,0,0,0.5
main,8,crc32-iso-hdlc,0,1,0.0,11,main-12,ok,True,,96,64,32,0,0,0,0,0.5
main,8,crc32-iso-hdlc,0,1,0.0,12,main-13,ok,True,,96,64,32,0,0,0,0,0.5
main,8,crc32-iso-hdlc,0,1,0.0,13,main-14,ok,True,,96,64,32,0,0,0,0,0.5
main,8,crc32-iso-hdlc,0,1,0.0,14,main-15,ok,True,,96,64,32,0,0,0,0,0.5
main,8,crc32-iso-hdlc,0,1,0.0,15,main-16,ok,True,,96,64,32,0,0,0,0,0.5
main,8,crc32-iso-hdlc,0,1,0.0,16,main-17,ok,True,,96,64,32,0,0,0,0,0.5
main,8,crc32-iso-hdlc,0,1,0.0,17,main-18,ok,True,,96,64,32,0,0,0,0,0.5
main,8,crc32-iso-hdlc,0,1,0.0,18,main-19,ok,True,,96,64,32,0,0,0,0,0.5
main,8,crc32-iso-hdlc,0,1,0.0,19,main-20,ok,True,,96,64,32,0,0,0,0,0.5
main,8,crc32-iso-hdlc,1,100000,1e-05,0,main-21,ok,True,,96,64,32,0,0,0,0,0.5
main,8,crc32-iso-hdlc,1,100000,1e-05,1,main-22,ok,True,,96,64,32,0,0,0,0,0.5
main,8,crc32-iso-hdlc,1,100000,1e-05,2,main-23,ok,True,,96,64,32,0,0,0,0,0.5
main,8,crc32-iso-hdlc,1,100000,1e-05,3,main-24,ok,True,,96,64,32,0,0,0,0,0.5
main,8,crc32-iso-hdlc,1,100000,1e-05,4,main-25,ok,True,,96,64,32,0,0,0,0,0.5
main,8,crc32-iso-hdlc,1,100000,1e-05,5,main-26,ok,True,,96,64,32,0,0,0,0,0.5
main,8,crc32-iso-hdlc,1,100000,1e-05,6,main-27,ok,True,,96,64,32,0,0,0,0,0.5
main,8,crc32-iso-hdlc,1,100000,1e-05,7,main-28,ok,True,,96,64,32,0,0,0,0,0.5
main,8,crc32-iso-hdlc,1,100000,1e-05,8,main-29,ok,True,,96,64,32,0,0,0,0,0.5
main,8,crc32-iso-hdlc,1,100000,1e-05,9,main-30,ok,True,,96,64,32,0,0,0,0,0.5
main,8,crc32-iso-hdlc,1,100000,1e-05,10,main-31,ok,True,,96,64,32,0,0,0,0,0.5
main,8,crc32-iso-hdlc,1,100000,1e-05,11,main-32,ok,True,,96,64,32,0,0,0,0,0.5
main,8,crc32-iso-hdlc,1,100000,1e-05,12,main-33,ok,True,,96,64,32,0,0,0,0,0.5
main,8,crc32-iso-hdlc,1,100000,1e-05,13,main-34,ok,True,,96,64,32,0,0,0,0,0.5
main,8,crc32-iso-hdlc,1,100000,1e-05,14,main-35,ok,True,,96,64,32,0,0,0,0,0.5
main,8,crc32-iso-hdlc,1,100000,1e-05,15,main-36,ok,True,,96,64,32,0,0,0,0,0.5
main,8,crc32-iso-hdlc,1,100000,1e-05,16,main-37,ok,True,,96,64,32,0,0,0,0,0.5
main,8,crc32-iso-hdlc,1,100000,1e-05,17,main-38,ok,True,,96,64,32,0,0,0,0,0.5
main,8,crc32-iso-hdlc,1,100000,1e-05,18,main-39,ok,True,,96,64,32,0,0,0,0,0.5
main,8,crc32-iso-hdlc,1,100000,1e-05,19,main-40,ok,True,,96,64,32,0,0,0,0,0.5
main,8,crc32-iso-hdlc,1,10000,0.0001,0,main-41,ok,True,,96,64,32,0,0,0,0,0.5
main,8,crc32-iso-hdlc,1,10000,0.0001,1,main-42,ok,True,,96,64,32,0,0,0,0,0.5
main,8,crc32-iso-hdlc,1,10000,0.0001,2,main-43,ok,True,,96,64,32,0,0,0,0,0.5
main,8,crc32-iso-hdlc,1,10000,0.0001,3,main-44,ok,True,,96,64,32,0,0,0,0,0.5
main,8,crc32-iso-hdlc,1,10000,0.0001,4,main-45,ok,True,,96,64,32,0,0,0,0,0.5
main,8,crc32-iso-hdlc,1,10000,0.0001,5,main-46,ok,True,,96,64,32,0,0,0,0,0.5
main,8,crc32-iso-hdlc,1,10000,0.0001,6,main-47,ok,True,,96,64,32,0,0,0,0,0.5
main,8,crc32-iso-hdlc,1,10000,0.0001,7,main-48,ok,True,,96,64,32,0,0,0,0,0.5
main,8,crc32-iso-hdlc,1,10000,0.0001,8,main-49,ok,True,,96,64,32,0,0,0,0,0.5
main,8,crc32-iso-hdlc,1,10000,0.0001,9,main-50,ok,True,,96,64,32,0,0,0,0,0.5
main,8,crc32-iso-hdlc,1,10000,0.0001,10,main-51,ok,True,,96,64,32,0,0,0,0,0.5
main,8,crc32-iso-hdlc,1,10000,0.0001,11,main-52,ok,True,,96,64,32,0,0,0,0,0.5
main,8,crc32-iso-hdlc,1,10000,0.0001,12,main-53,ok,True,,96,64,32,0,0,0,0,0.5
main,8,crc32-iso-hdlc,1,10000,0.0001,13,main-54,ok,True,,96,64,32,0,0,0,0,0.5
main,8,crc32-iso-hdlc,1,10000,0.0001,14,main-55,ok,True,,96,64,32,0,0,0,0,0.5
main,8,crc32-iso-hdlc,1,10000,0.0001,15,main-56,ok,True,,96,64,32,0,0,0,0,0.5
main,8,crc32-iso-hdlc,1,10000,0.0001,16,main-57,detected_uncorrectable,,,96,64,32,1,1,0,1,0.5
main,8,crc32-iso-hdlc,1,10000,0.0001,17,main-58,ok,True,,96,64,32,0,0,0,0,0.5
main,8,crc32-iso-hdlc,1,10000,0.0001,18,main-59,ok,True,,96,64,32,0,0,0,0,0.5
main,8,crc32-iso-hdlc,1,10000,0.0001,19,main-60,ok,True,,96,64,32,0,0,0,0,0.5
main,8,crc32-iso-hdlc,1,1000,0.001,0,main-61,ok,True,,96,64,32,0,0,0,0,0.5
main,8,crc32-iso-hdlc,1,1000,0.001,1,main-62,ok,True,,96,64,32,0,0,0,0,0.5
main,8,crc32-iso-hdlc,1,1000,0.001,2,main-63,ok,True,,96,64,32,0,0,0,0,0.5
main,8,crc32-iso-hdlc,1,1000,0.001,3,main-64,ok,True,,96,64,32,0,0,0,0,0.5
main,8,crc32-iso-hdlc,1,1000,0.001,4,main-65,ok,True,,96,64,32,0,0,0,0,0.5
main,8,crc32-iso-hdlc,1,1000,0.001,5,main-66,detected_uncorrectable,,,96,64,32,1,1,0,1,0.5
main,8,crc32-iso-hdlc,1,1000,0.001,6,main-67,ok,True,,96,64,32,0,0,0,0,0.5
main,8,crc32-iso-hdlc,1,1000,0.001,7,main-68,ok,True,,96,64,32,0,0,0,0,0.5
main,8,crc32-iso-hdlc,1,1000,0.001,8,main-69,ok,True,,96,64,32,0,0,0,0,0.5
main,8,crc32-iso-hdlc,1,1000,0.001,9,main-70,detected_uncorrectable,,,96,64,32,1,1,0,1,0.5
main,8,crc32-iso-hdlc,1,1000,0.001,10,main-71,detected_uncorrectable,,,96,64,32,1,1,0,1,0.5
main,8,crc32-iso-hdlc,1,1000,0.001,11,main-72,ok,True,,96,64,32,0,0,0,0,0.5
main,8,crc32-iso-hdlc,1,1000,0.001,12,main-73,ok,True,,96,64,32,0,0,0,0,0.5
main,8,crc32-iso-hdlc,1,1000,0.001,13,main-74,ok,True,,96,64,32,0,0,0,0,0.5
main,8,crc32-iso-hdlc,1,1000,0.001,14,main-75,detected_uncorrectable,,,96,64,32,1,1,0,1,0.5
main,8,crc32-iso-hdlc,1,1000,0.001,15,main-76,ok,True,,96,64,32,0,0,0,0,0.5
main,8,crc32-iso-hdlc,1,1000,0.001,16,main-77,detected_uncorrectable,,,96,64,32,1,1,0,1,0.5
main,8,crc32-iso-hdlc,1,1000,0.001,17,main-78,ok,True,,96,64,32,0,0,0,0,0.5
main,8,crc32-iso-hdlc,1,1000,0.001,18,main-79,ok,True,,96,64,32,0,0,0,0,0.5
main,8,crc32-iso-hdlc,1,1000,0.001,19,main-80,ok,True,,96,64,32,0,0,0,0,0.5
main,8,crc32-iso-hdlc,1,200,0.005,0,main-81,ok,True,,96,64,32,0,0,0,0,0.5
main,8,crc32-iso-hdlc,1,200,0.005,1,main-82,ok,True,,96,64,32,0,0,0,0,0.5
main,8,crc32-iso-hdlc,1,200,0.005,2,main-83,ok,True,,96,64,32,0,0,0,0,0.5
main,8,crc32-iso-hdlc,1,200,0.005,3,main-84,ok,True,,96,64,32,0,0,0,0,0.5
main,8,crc32-iso-hdlc,1,200,0.005,4,main-85,detected_uncorrectable,,,96,64,32,1,1,0,1,0.5
main,8,crc32-iso-hdlc,1,200,0.005,5,main-86,detected_uncorrectable,,,96,64,32,3,1,0,1,0.5
main,8,crc32-iso-hdlc,1,200,0.005,6,main-87,ok,True,,96,64,32,0,0,0,0,0.5
main,8,crc32-iso-hdlc,1,200,0.005,7,main-88,ok,True,,96,64,32,0,0,0,0,0.5
main,8,crc32-iso-hdlc,1,200,0.005,8,main-89,detected_uncorrectable,,,96,64,32,2,1,0,1,0.5
main,8,crc32-iso-hdlc,1,200,0.005,9,main-90,detected_uncorrectable,,,96,64,32,1,1,0,1,0.5
main,8,crc32-iso-hdlc,1,200,0.005,10,main-91,detected_uncorrectable,,,96,64,32,2,1,0,1,0.5
main,8,crc32-iso-hdlc,1,200,0.005,11,main-92,ok,True,,96,64,32,0,0,0,0,0.5
main,8,crc32-iso-hdlc,1,200,0.005,12,main-93,ok,True,,96,64,32,0,0,0,0,0.5
main,8,crc32-iso-hdlc,1,200,0.005,13,main-94,ok,True,,96,64,32,0,0,0,0,0.5
main,8,crc32-iso-hdlc,1,200,0.005,14,main-95,detected_uncorrectable,,,96,64,32,2,1,0,1,0.5
main,8,crc32-iso-hdlc,1,200,0.005,15,main-96,ok,True,,96,64,32,0,0,0,0,0.5
main,8,crc32-iso-hdlc,1,200,0.005,16,main-97,detected_uncorrectable,,,96,64,32,1,1,0,1,0.5
main,8,crc32-iso-hdlc,1,200,0.005,17,main-98,ok,True,,96,64,32,0,0,0,0,0.5
main,8,crc32-iso-hdlc,1,200,0.005,18,main-99,ok,True,,96,64,32,0,0,0,0,0.5
main,8,crc32-iso-hdlc,1,200,0.005,19,main-100,ok,True,,96,64,32,0,0,0,0,0.5
main,8,crc32-iso-hdlc,1,100,0.01,0,main-101,ok,True,,96,64,32,0,0,0,0,0.5
main,8,crc32-iso-hdlc,1,100,0.01,1,main-102,ok,True,,96,64,32,0,0,0,0,0.5
main,8,crc32-iso-hdlc,1,100,0.01,2,main-103,detected_uncorrectable,,,96,64,32,2,1,0,1,0.5
main,8,crc32-iso-hdlc,1,100,0.01,3,main-104,detected_uncorrectable,,,96,64,32,1,1,0,1,0.5
main,8,crc32-iso-hdlc,1,100,0.01,4,main-105,detected_uncorrectable,,,96,64,32,2,1,0,1,0.5
main,8,crc32-iso-hdlc,1,100,0.01,5,main-106,detected_uncorrectable,,,96,64,32,3,1,0,1,0.5
main,8,crc32-iso-hdlc,1,100,0.01,6,main-107,detected_uncorrectable,,,96,64,32,1,1,0,1,0.5
main,8,crc32-iso-hdlc,1,100,0.01,7,main-108,ok,True,,96,64,32,0,0,0,0,0.5
main,8,crc32-iso-hdlc,1,100,0.01,8,main-109,detected_uncorrectable,,,96,64,32,3,1,0,1,0.5
main,8,crc32-iso-hdlc,1,100,0.01,9,main-110,detected_uncorrectable,,,96,64,32,2,1,0,1,0.5
main,8,crc32-iso-hdlc,1,100,0.01,10,main-111,detected_uncorrectable,,,96,64,32,2,1,0,1,0.5
main,8,crc32-iso-hdlc,1,100,0.01,11,main-112,detected_uncorrectable,,,96,64,32,1,1,0,1,0.5
main,8,crc32-iso-hdlc,1,100,0.01,12,main-113,detected_uncorrectable,,,96,64,32,1,1,0,1,0.5
main,8,crc32-iso-hdlc,1,100,0.01,13,main-114,ok,True,,96,64,32,0,0,0,0,0.5
main,8,crc32-iso-hdlc,1,100,0.01,14,main-115,detected_uncorrectable,,,96,64,32,3,1,0,1,0.5
main,8,crc32-iso-hdlc,1,100,0.01,15,main-116,ok,True,,96,64,32,0,0,0,0,0.5
main,8,crc32-iso-hdlc,1,100,0.01,16,main-117,detected_uncorrectable,,,96,64,32,1,1,0,1,0.5
main,8,crc32-iso-hdlc,1,100,0.01,17,main-118,ok,True,,96,64,32,0,0,0,0,0.5
main,8,crc32-iso-hdlc,1,100,0.01,18,main-119,detected_uncorrectable,,,96,64,32,1,1,0,1,0.5
main,8,crc32-iso-hdlc,1,100,0.01,19,main-120,ok,True,,96,64,32,0,0,0,0,0.5
main,8,crc32-iso-hdlc,1,50,0.02,0,main-121,detected_uncorrectable,,,96,64,32,1,1,0,1,0.5
main,8,crc32-iso-hdlc,1,50,0.02,1,main-122,ok,True,,96,64,32,0,0,0,0,0.5
main,8,crc32-iso-hdlc,1,50,0.02,2,main-123,detected_uncorrectable,,,96,64,32,4,1,0,1,0.5
main,8,crc32-iso-hdlc,1,50,0.02,3,main-124,detected_uncorrectable,,,96,64,32,2,1,0,1,0.5
main,8,crc32-iso-hdlc,1,50,0.02,4,main-125,detected_uncorrectable,,,96,64,32,3,1,0,1,0.5
main,8,crc32-iso-hdlc,1,50,0.02,5,main-126,detected_uncorrectable,,,96,64,32,3,1,0,1,0.5
main,8,crc32-iso-hdlc,1,50,0.02,6,main-127,detected_uncorrectable,,,96,64,32,3,1,0,1,0.5
main,8,crc32-iso-hdlc,1,50,0.02,7,main-128,detected_uncorrectable,,,96,64,32,2,1,0,1,0.5
main,8,crc32-iso-hdlc,1,50,0.02,8,main-129,detected_uncorrectable,,,96,64,32,5,1,0,1,0.5
main,8,crc32-iso-hdlc,1,50,0.02,9,main-130,detected_uncorrectable,,,96,64,32,3,1,0,1,0.5
main,8,crc32-iso-hdlc,1,50,0.02,10,main-131,detected_uncorrectable,,,96,64,32,3,1,0,1,0.5
main,8,crc32-iso-hdlc,1,50,0.02,11,main-132,detected_uncorrectable,,,96,64,32,2,1,0,1,0.5
main,8,crc32-iso-hdlc,1,50,0.02,12,main-133,detected_uncorrectable,,,96,64,32,1,1,0,1,0.5
main,8,crc32-iso-hdlc,1,50,0.02,13,main-134,ok,True,,96,64,32,0,0,0,0,0.5
main,8,crc32-iso-hdlc,1,50,0.02,14,main-135,detected_uncorrectable,,,96,64,32,5,1,0,1,0.5
main,8,crc32-iso-hdlc,1,50,0.02,15,main-136,ok,True,,96,64,32,0,0,0,0,0.5
main,8,crc32-iso-hdlc,1,50,0.02,16,main-137,detected_uncorrectable,,,96,64,32,2,1,0,1,0.5
main,8,crc32-iso-hdlc,1,50,0.02,17,main-138,detected_uncorrectable,,,96,64,32,3,1,0,1,0.5
main,8,crc32-iso-hdlc,1,50,0.02,18,main-139,detected_uncorrectable,,,96,64,32,2,1,0,1,0.5
main,8,crc32-iso-hdlc,1,50,0.02,19,main-140,detected_uncorrectable,,,96,64,32,1,1,0,1,0.5
main,8,crc32-iso-hdlc,1,20,0.05,0,main-141,detected_uncorrectable,,,96,64,32,6,1,0,1,0.5
main,8,crc32-iso-hdlc,1,20,0.05,1,main-142,detected_uncorrectable,,,96,64,32,4,1,0,1,0.5
main,8,crc32-iso-hdlc,1,20,0.05,2,main-143,detected_uncorrectable,,,96,64,32,5,1,0,1,0.5
main,8,crc32-iso-hdlc,1,20,0.05,3,main-144,detected_uncorrectable,,,96,64,32,3,1,0,1,0.5
main,8,crc32-iso-hdlc,1,20,0.05,4,main-145,detected_uncorrectable,,,96,64,32,6,1,0,1,0.5
main,8,crc32-iso-hdlc,1,20,0.05,5,main-146,detected_uncorrectable,,,96,64,32,4,1,0,1,0.5
main,8,crc32-iso-hdlc,1,20,0.05,6,main-147,detected_uncorrectable,,,96,64,32,5,1,0,1,0.5
main,8,crc32-iso-hdlc,1,20,0.05,7,main-148,detected_uncorrectable,,,96,64,32,4,1,0,1,0.5
main,8,crc32-iso-hdlc,1,20,0.05,8,main-149,detected_uncorrectable,,,96,64,32,6,1,0,1,0.5
main,8,crc32-iso-hdlc,1,20,0.05,9,main-150,detected_uncorrectable,,,96,64,32,4,1,0,1,0.5
main,8,crc32-iso-hdlc,1,20,0.05,10,main-151,detected_uncorrectable,,,96,64,32,6,1,0,1,0.5
main,8,crc32-iso-hdlc,1,20,0.05,11,main-152,detected_uncorrectable,,,96,64,32,2,1,0,1,0.5
main,8,crc32-iso-hdlc,1,20,0.05,12,main-153,detected_uncorrectable,,,96,64,32,3,1,0,1,0.5
main,8,crc32-iso-hdlc,1,20,0.05,13,main-154,detected_uncorrectable,,,96,64,32,3,1,0,1,0.5
main,8,crc32-iso-hdlc,1,20,0.05,14,main-155,detected_uncorrectable,,,96,64,32,9,1,0,1,0.5
main,8,crc32-iso-hdlc,1,20,0.05,15,main-156,detected_uncorrectable,,,96,64,32,5,1,0,1,0.5
main,8,crc32-iso-hdlc,1,20,0.05,16,main-157,detected_uncorrectable,,,96,64,32,4,1,0,1,0.5
main,8,crc32-iso-hdlc,1,20,0.05,17,main-158,detected_uncorrectable,,,96,64,32,9,1,0,1,0.5
main,8,crc32-iso-hdlc,1,20,0.05,18,main-159,detected_uncorrectable,,,96,64,32,6,1,0,1,0.5
main,8,crc32-iso-hdlc,1,20,0.05,19,main-160,detected_uncorrectable,,,96,64,32,3,1,0,1,0.5
main,8,crc32-iso-hdlc,1,10,0.1,0,main-161,detected_uncorrectable,,,96,64,32,9,1,0,1,0.5
main,8,crc32-iso-hdlc,1,10,0.1,1,main-162,detected_uncorrectable,,,96,64,32,10,1,0,1,0.5
main,8,crc32-iso-hdlc,1,10,0.1,2,main-163,detected_uncorrectable,,,96,64,32,6,1,0,1,0.5
main,8,crc32-iso-hdlc,1,10,0.1,3,main-164,detected_uncorrectable,,,96,64,32,6,1,0,1,0.5
main,8,crc32-iso-hdlc,1,10,0.1,4,main-165,detected_uncorrectable,,,96,64,32,9,1,0,1,0.5
main,8,crc32-iso-hdlc,1,10,0.1,5,main-166,detected_uncorrectable,,,96,64,32,7,1,0,1,0.5
main,8,crc32-iso-hdlc,1,10,0.1,6,main-167,detected_uncorrectable,,,96,64,32,9,1,0,1,0.5
main,8,crc32-iso-hdlc,1,10,0.1,7,main-168,detected_uncorrectable,,,96,64,32,10,1,0,1,0.5
main,8,crc32-iso-hdlc,1,10,0.1,8,main-169,detected_uncorrectable,,,96,64,32,11,1,0,1,0.5
main,8,crc32-iso-hdlc,1,10,0.1,9,main-170,detected_uncorrectable,,,96,64,32,11,1,0,1,0.5
main,8,crc32-iso-hdlc,1,10,0.1,10,main-171,detected_uncorrectable,,,96,64,32,11,1,0,1,0.5
main,8,crc32-iso-hdlc,1,10,0.1,11,main-172,detected_uncorrectable,,,96,64,32,4,1,0,1,0.5
main,8,crc32-iso-hdlc,1,10,0.1,12,main-173,detected_uncorrectable,,,96,64,32,5,1,0,1,0.5
main,8,crc32-iso-hdlc,1,10,0.1,13,main-174,detected_uncorrectable,,,96,64,32,7,1,0,1,0.5
main,8,crc32-iso-hdlc,1,10,0.1,14,main-175,detected_uncorrectable,,,96,64,32,11,1,0,1,0.5
main,8,crc32-iso-hdlc,1,10,0.1,15,main-176,detected_uncorrectable,,,96,64,32,7,1,0,1,0.5
main,8,crc32-iso-hdlc,1,10,0.1,16,main-177,detected_uncorrectable,,,96,64,32,12,1,0,1,0.5
main,8,crc32-iso-hdlc,1,10,0.1,17,main-178,detected_uncorrectable,,,96,64,32,13,1,0,1,0.5
main,8,crc32-iso-hdlc,1,10,0.1,18,main-179,detected_uncorrectable,,,96,64,32,15,1,0,1,0.5
main,8,crc32-iso-hdlc,1,10,0.1,19,main-180,detected_uncorrectable,,,96,64,32,7,1,0,1,0.5
main,8,hamming-secded-13-8,0,1,0.0,0,main-181,ok,True,,104,64,40,0,0,0,0,0.625
main,8,hamming-secded-13-8,0,1,0.0,1,main-182,ok,True,,104,64,40,0,0,0,0,0.625
main,8,hamming-secded-13-8,0,1,0.0,2,main-183,ok,True,,104,64,40,0,0,0,0,0.625
main,8,hamming-secded-13-8,0,1,0.0,3,main-184,ok,True,,104,64,40,0,0,0,0,0.625
main,8,hamming-secded-13-8,0,1,0.0,4,main-185,ok,True,,104,64,40,0,0,0,0,0.625
main,8,hamming-secded-13-8,0,1,0.0,5,main-186,ok,True,,104,64,40,0,0,0,0,0.625
main,8,hamming-secded-13-8,0,1,0.0,6,main-187,ok,True,,104,64,40,0,0,0,0,0.625
main,8,hamming-secded-13-8,0,1,0.0,7,main-188,ok,True,,104,64,40,0,0,0,0,0.625
main,8,hamming-secded-13-8,0,1,0.0,8,main-189,ok,True,,104,64,40,0,0,0,0,0.625
main,8,hamming-secded-13-8,0,1,0.0,9,main-190,ok,True,,104,64,40,0,0,0,0,0.625
main,8,hamming-secded-13-8,0,1,0.0,10,main-191,ok,True,,104,64,40,0,0,0,0,0.625
main,8,hamming-secded-13-8,0,1,0.0,11,main-192,ok,True,,104,64,40,0,0,0,0,0.625
main,8,hamming-secded-13-8,0,1,0.0,12,main-193,ok,True,,104,64,40,0,0,0,0,0.625
main,8,hamming-secded-13-8,0,1,0.0,13,main-194,ok,True,,104,64,40,0,0,0,0,0.625
main,8,hamming-secded-13-8,0,1,0.0,14,main-195,ok,True,,104,64,40,0,0,0,0,0.625
main,8,hamming-secded-13-8,0,1,0.0,15,main-196,ok,True,,104,64,40,0,0,0,0,0.625
main,8,hamming-secded-13-8,0,1,0.0,16,main-197,ok,True,,104,64,40,0,0,0,0,0.625
main,8,hamming-secded-13-8,0,1,0.0,17,main-198,ok,True,,104,64,40,0,0,0,0,0.625
main,8,hamming-secded-13-8,0,1,0.0,18,main-199,ok,True,,104,64,40,0,0,0,0,0.625
main,8,hamming-secded-13-8,0,1,0.0,19,main-200,ok,True,,104,64,40,0,0,0,0,0.625
main,8,hamming-secded-13-8,1,100000,1e-05,0,main-201,ok,True,,104,64,40,0,0,0,0,0.625
main,8,hamming-secded-13-8,1,100000,1e-05,1,main-202,ok,True,,104,64,40,0,0,0,0,0.625
main,8,hamming-secded-13-8,1,100000,1e-05,2,main-203,ok,True,,104,64,40,0,0,0,0,0.625
main,8,hamming-secded-13-8,1,100000,1e-05,3,main-204,ok,True,,104,64,40,0,0,0,0,0.625
main,8,hamming-secded-13-8,1,100000,1e-05,4,main-205,ok,True,,104,64,40,0,0,0,0,0.625
main,8,hamming-secded-13-8,1,100000,1e-05,5,main-206,ok,True,,104,64,40,0,0,0,0,0.625
main,8,hamming-secded-13-8,1,100000,1e-05,6,main-207,ok,True,,104,64,40,0,0,0,0,0.625
main,8,hamming-secded-13-8,1,100000,1e-05,7,main-208,ok,True,,104,64,40,0,0,0,0,0.625
main,8,hamming-secded-13-8,1,100000,1e-05,8,main-209,ok,True,,104,64,40,0,0,0,0,0.625
main,8,hamming-secded-13-8,1,100000,1e-05,9,main-210,ok,True,,104,64,40,0,0,0,0,0.625
main,8,hamming-secded-13-8,1,100000,1e-05,10,main-211,ok,True,,104,64,40,0,0,0,0,0.625
main,8,hamming-secded-13-8,1,100000,1e-05,11,main-212,ok,True,,104,64,40,0,0,0,0,0.625
main,8,hamming-secded-13-8,1,100000,1e-05,12,main-213,ok,True,,104,64,40,0,0,0,0,0.625
main,8,hamming-secded-13-8,1,100000,1e-05,13,main-214,ok,True,,104,64,40,0,0,0,0,0.625
main,8,hamming-secded-13-8,1,100000,1e-05,14,main-215,ok,True,,104,64,40,0,0,0,0,0.625
main,8,hamming-secded-13-8,1,100000,1e-05,15,main-216,ok,True,,104,64,40,0,0,0,0,0.625
main,8,hamming-secded-13-8,1,100000,1e-05,16,main-217,ok,True,,104,64,40,0,0,0,0,0.625
main,8,hamming-secded-13-8,1,100000,1e-05,17,main-218,ok,True,,104,64,40,0,0,0,0,0.625
main,8,hamming-secded-13-8,1,100000,1e-05,18,main-219,ok,True,,104,64,40,0,0,0,0,0.625
main,8,hamming-secded-13-8,1,100000,1e-05,19,main-220,ok,True,,104,64,40,0,0,0,0,0.625
main,8,hamming-secded-13-8,1,10000,0.0001,0,main-221,ok,True,,104,64,40,0,0,0,0,0.625
main,8,hamming-secded-13-8,1,10000,0.0001,1,main-222,ok,True,,104,64,40,0,0,0,0,0.625
main,8,hamming-secded-13-8,1,10000,0.0001,2,main-223,ok,True,,104,64,40,0,0,0,0,0.625
main,8,hamming-secded-13-8,1,10000,0.0001,3,main-224,ok,True,,104,64,40,0,0,0,0,0.625
main,8,hamming-secded-13-8,1,10000,0.0001,4,main-225,ok,True,,104,64,40,0,0,0,0,0.625
main,8,hamming-secded-13-8,1,10000,0.0001,5,main-226,ok,True,,104,64,40,0,0,0,0,0.625
main,8,hamming-secded-13-8,1,10000,0.0001,6,main-227,ok,True,,104,64,40,0,0,0,0,0.625
main,8,hamming-secded-13-8,1,10000,0.0001,7,main-228,ok,True,,104,64,40,0,0,0,0,0.625
main,8,hamming-secded-13-8,1,10000,0.0001,8,main-229,ok,True,,104,64,40,0,0,0,0,0.625
main,8,hamming-secded-13-8,1,10000,0.0001,9,main-230,ok,True,,104,64,40,0,0,0,0,0.625
main,8,hamming-secded-13-8,1,10000,0.0001,10,main-231,ok,True,,104,64,40,0,0,0,0,0.625
main,8,hamming-secded-13-8,1,10000,0.0001,11,main-232,ok,True,,104,64,40,0,0,0,0,0.625
main,8,hamming-secded-13-8,1,10000,0.0001,12,main-233,ok,True,,104,64,40,0,0,0,0,0.625
main,8,hamming-secded-13-8,1,10000,0.0001,13,main-234,ok,True,,104,64,40,0,0,0,0,0.625
main,8,hamming-secded-13-8,1,10000,0.0001,14,main-235,ok,True,,104,64,40,0,0,0,0,0.625
main,8,hamming-secded-13-8,1,10000,0.0001,15,main-236,ok,True,,104,64,40,0,0,0,0,0.625
main,8,hamming-secded-13-8,1,10000,0.0001,16,main-237,corrected,True,,104,64,40,1,1,1,0,0.625
main,8,hamming-secded-13-8,1,10000,0.0001,17,main-238,ok,True,,104,64,40,0,0,0,0,0.625
main,8,hamming-secded-13-8,1,10000,0.0001,18,main-239,ok,True,,104,64,40,0,0,0,0,0.625
main,8,hamming-secded-13-8,1,10000,0.0001,19,main-240,ok,True,,104,64,40,0,0,0,0,0.625
main,8,hamming-secded-13-8,1,1000,0.001,0,main-241,ok,True,,104,64,40,0,0,0,0,0.625
main,8,hamming-secded-13-8,1,1000,0.001,1,main-242,corrected,True,,104,64,40,1,1,1,0,0.625
main,8,hamming-secded-13-8,1,1000,0.001,2,main-243,ok,True,,104,64,40,0,0,0,0,0.625
main,8,hamming-secded-13-8,1,1000,0.001,3,main-244,ok,True,,104,64,40,0,0,0,0,0.625
main,8,hamming-secded-13-8,1,1000,0.001,4,main-245,ok,True,,104,64,40,0,0,0,0,0.625
main,8,hamming-secded-13-8,1,1000,0.001,5,main-246,corrected,True,,104,64,40,1,1,1,0,0.625
main,8,hamming-secded-13-8,1,1000,0.001,6,main-247,ok,True,,104,64,40,0,0,0,0,0.625
main,8,hamming-secded-13-8,1,1000,0.001,7,main-248,ok,True,,104,64,40,0,0,0,0,0.625
main,8,hamming-secded-13-8,1,1000,0.001,8,main-249,ok,True,,104,64,40,0,0,0,0,0.625
main,8,hamming-secded-13-8,1,1000,0.001,9,main-250,corrected,True,,104,64,40,1,1,1,0,0.625
main,8,hamming-secded-13-8,1,1000,0.001,10,main-251,corrected,True,,104,64,40,1,1,1,0,0.625
main,8,hamming-secded-13-8,1,1000,0.001,11,main-252,ok,True,,104,64,40,0,0,0,0,0.625
main,8,hamming-secded-13-8,1,1000,0.001,12,main-253,ok,True,,104,64,40,0,0,0,0,0.625
main,8,hamming-secded-13-8,1,1000,0.001,13,main-254,ok,True,,104,64,40,0,0,0,0,0.625
main,8,hamming-secded-13-8,1,1000,0.001,14,main-255,corrected,True,,104,64,40,1,1,1,0,0.625
main,8,hamming-secded-13-8,1,1000,0.001,15,main-256,ok,True,,104,64,40,0,0,0,0,0.625
main,8,hamming-secded-13-8,1,1000,0.001,16,main-257,corrected,True,,104,64,40,1,1,1,0,0.625
main,8,hamming-secded-13-8,1,1000,0.001,17,main-258,ok,True,,104,64,40,0,0,0,0,0.625
main,8,hamming-secded-13-8,1,1000,0.001,18,main-259,ok,True,,104,64,40,0,0,0,0,0.625
main,8,hamming-secded-13-8,1,1000,0.001,19,main-260,ok,True,,104,64,40,0,0,0,0,0.625
main,8,hamming-secded-13-8,1,200,0.005,0,main-261,ok,True,,104,64,40,0,0,0,0,0.625
main,8,hamming-secded-13-8,1,200,0.005,1,main-262,corrected,True,,104,64,40,1,1,1,0,0.625
main,8,hamming-secded-13-8,1,200,0.005,2,main-263,ok,True,,104,64,40,0,0,0,0,0.625
main,8,hamming-secded-13-8,1,200,0.005,3,main-264,ok,True,,104,64,40,0,0,0,0,0.625
main,8,hamming-secded-13-8,1,200,0.005,4,main-265,corrected,True,,104,64,40,1,1,1,0,0.625
main,8,hamming-secded-13-8,1,200,0.005,5,main-266,corrected,True,,104,64,40,3,3,3,0,0.625
main,8,hamming-secded-13-8,1,200,0.005,6,main-267,ok,True,,104,64,40,0,0,0,0,0.625
main,8,hamming-secded-13-8,1,200,0.005,7,main-268,ok,True,,104,64,40,0,0,0,0,0.625
main,8,hamming-secded-13-8,1,200,0.005,8,main-269,corrected,True,,104,64,40,2,2,2,0,0.625
main,8,hamming-secded-13-8,1,200,0.005,9,main-270,corrected,True,,104,64,40,1,1,1,0,0.625
main,8,hamming-secded-13-8,1,200,0.005,10,main-271,corrected,True,,104,64,40,2,2,2,0,0.625
main,8,hamming-secded-13-8,1,200,0.005,11,main-272,ok,True,,104,64,40,0,0,0,0,0.625
main,8,hamming-secded-13-8,1,200,0.005,12,main-273,corrected,True,,104,64,40,1,1,1,0,0.625
main,8,hamming-secded-13-8,1,200,0.005,13,main-274,ok,True,,104,64,40,0,0,0,0,0.625
main,8,hamming-secded-13-8,1,200,0.005,14,main-275,corrected,True,,104,64,40,2,2,2,0,0.625
main,8,hamming-secded-13-8,1,200,0.005,15,main-276,ok,True,,104,64,40,0,0,0,0,0.625
main,8,hamming-secded-13-8,1,200,0.005,16,main-277,corrected,True,,104,64,40,1,1,1,0,0.625
main,8,hamming-secded-13-8,1,200,0.005,17,main-278,ok,True,,104,64,40,0,0,0,0,0.625
main,8,hamming-secded-13-8,1,200,0.005,18,main-279,ok,True,,104,64,40,0,0,0,0,0.625
main,8,hamming-secded-13-8,1,200,0.005,19,main-280,ok,True,,104,64,40,0,0,0,0,0.625
main,8,hamming-secded-13-8,1,100,0.01,0,main-281,ok,True,,104,64,40,0,0,0,0,0.625
main,8,hamming-secded-13-8,1,100,0.01,1,main-282,corrected,True,,104,64,40,1,1,1,0,0.625
main,8,hamming-secded-13-8,1,100,0.01,2,main-283,corrected,True,,104,64,40,2,2,2,0,0.625
main,8,hamming-secded-13-8,1,100,0.01,3,main-284,corrected,True,,104,64,40,1,1,1,0,0.625
main,8,hamming-secded-13-8,1,100,0.01,4,main-285,corrected,True,,104,64,40,2,2,2,0,0.625
main,8,hamming-secded-13-8,1,100,0.01,5,main-286,corrected,True,,104,64,40,3,3,3,0,0.625
main,8,hamming-secded-13-8,1,100,0.01,6,main-287,corrected,True,,104,64,40,1,1,1,0,0.625
main,8,hamming-secded-13-8,1,100,0.01,7,main-288,ok,True,,104,64,40,0,0,0,0,0.625
main,8,hamming-secded-13-8,1,100,0.01,8,main-289,corrected,True,,104,64,40,4,4,4,0,0.625
main,8,hamming-secded-13-8,1,100,0.01,9,main-290,corrected,True,,104,64,40,2,2,2,0,0.625
main,8,hamming-secded-13-8,1,100,0.01,10,main-291,corrected,True,,104,64,40,2,2,2,0,0.625
main,8,hamming-secded-13-8,1,100,0.01,11,main-292,corrected,True,,104,64,40,1,1,1,0,0.625
main,8,hamming-secded-13-8,1,100,0.01,12,main-293,corrected,True,,104,64,40,2,2,2,0,0.625
main,8,hamming-secded-13-8,1,100,0.01,13,main-294,ok,True,,104,64,40,0,0,0,0,0.625
main,8,hamming-secded-13-8,1,100,0.01,14,main-295,corrected,True,,104,64,40,3,3,3,0,0.625
main,8,hamming-secded-13-8,1,100,0.01,15,main-296,ok,True,,104,64,40,0,0,0,0,0.625
main,8,hamming-secded-13-8,1,100,0.01,16,main-297,corrected,True,,104,64,40,1,1,1,0,0.625
main,8,hamming-secded-13-8,1,100,0.01,17,main-298,ok,True,,104,64,40,0,0,0,0,0.625
main,8,hamming-secded-13-8,1,100,0.01,18,main-299,corrected,True,,104,64,40,1,1,1,0,0.625
main,8,hamming-secded-13-8,1,100,0.01,19,main-300,ok,True,,104,64,40,0,0,0,0,0.625
main,8,hamming-secded-13-8,1,50,0.02,0,main-301,corrected,True,,104,64,40,1,1,1,0,0.625
main,8,hamming-secded-13-8,1,50,0.02,1,main-302,corrected,True,,104,64,40,1,1,1,0,0.625
main,8,hamming-secded-13-8,1,50,0.02,2,main-303,detected_uncorrectable,,,104,64,40,4,3,2,1,0.625
main,8,hamming-secded-13-8,1,50,0.02,3,main-304,corrected,True,,104,64,40,2,2,2,0,0.625
main,8,hamming-secded-13-8,1,50,0.02,4,main-305,corrected,True,,104,64,40,4,4,4,0,0.625
main,8,hamming-secded-13-8,1,50,0.02,5,main-306,corrected,True,,104,64,40,3,3,3,0,0.625
main,8,hamming-secded-13-8,1,50,0.02,6,main-307,corrected,True,,104,64,40,3,3,3,0,0.625
main,8,hamming-secded-13-8,1,50,0.02,7,main-308,corrected,True,,104,64,40,2,2,2,0,0.625
main,8,hamming-secded-13-8,1,50,0.02,8,main-309,detected_uncorrectable,,,104,64,40,6,5,4,1,0.625
main,8,hamming-secded-13-8,1,50,0.02,9,main-310,corrected,True,,104,64,40,3,3,3,0,0.625
main,8,hamming-secded-13-8,1,50,0.02,10,main-311,corrected,True,,104,64,40,3,3,3,0,0.625
main,8,hamming-secded-13-8,1,50,0.02,11,main-312,corrected,True,,104,64,40,2,2,2,0,0.625
main,8,hamming-secded-13-8,1,50,0.02,12,main-313,corrected,True,,104,64,40,2,2,2,0,0.625
main,8,hamming-secded-13-8,1,50,0.02,13,main-314,ok,True,,104,64,40,0,0,0,0,0.625
main,8,hamming-secded-13-8,1,50,0.02,14,main-315,detected_uncorrectable,,,104,64,40,5,3,1,2,0.625
main,8,hamming-secded-13-8,1,50,0.02,15,main-316,ok,True,,104,64,40,0,0,0,0,0.625
main,8,hamming-secded-13-8,1,50,0.02,16,main-317,corrected,True,,104,64,40,2,2,2,0,0.625
main,8,hamming-secded-13-8,1,50,0.02,17,main-318,corrected,True,,104,64,40,3,3,3,0,0.625
main,8,hamming-secded-13-8,1,50,0.02,18,main-319,corrected,True,,104,64,40,2,2,2,0,0.625
main,8,hamming-secded-13-8,1,50,0.02,19,main-320,corrected,True,,104,64,40,2,2,2,0,0.625
main,8,hamming-secded-13-8,1,20,0.05,0,main-321,detected_uncorrectable,,,104,64,40,6,5,4,1,0.625
main,8,hamming-secded-13-8,1,20,0.05,1,main-322,detected_uncorrectable,,,104,64,40,5,4,3,1,0.625
main,8,hamming-secded-13-8,1,20,0.05,2,main-323,detected_uncorrectable,,,104,64,40,5,4,3,1,0.625
main,8,hamming-secded-13-8,1,20,0.05,3,main-324,corrected,True,,104,64,40,3,3,3,0,0.625
main,8,hamming-secded-13-8,1,20,0.05,4,main-325,detected_uncorrectable,,,104,64,40,7,5,3,2,0.625
main,8,hamming-secded-13-8,1,20,0.05,5,main-326,corrected,True,,104,64,40,4,4,4,0,0.625
main,8,hamming-secded-13-8,1,20,0.05,6,main-327,detected_uncorrectable,,,104,64,40,5,4,3,1,0.625
main,8,hamming-secded-13-8,1,20,0.05,7,main-328,corrected,True,,104,64,40,4,4,4,0,0.625
main,8,hamming-secded-13-8,1,20,0.05,8,main-329,detected_uncorrectable,,,104,64,40,7,6,5,1,0.625
main,8,hamming-secded-13-8,1,20,0.05,9,main-330,detected_uncorrectable,,,104,64,40,4,3,2,1,0.625
main,8,hamming-secded-13-8,1,20,0.05,10,main-331,detected_uncorrectable,,,104,64,40,6,5,4,1,0.625
main,8,hamming-secded-13-8,1,20,0.05,11,main-332,corrected,True,,104,64,40,2,2,2,0,0.625
main,8,hamming-secded-13-8,1,20,0.05,12,main-333,corrected,True,,104,64,40,4,4,4,0,0.625
main,8,hamming-secded-13-8,1,20,0.05,13,main-334,detected_uncorrectable,,,104,64,40,3,2,1,1,0.625
main,8,hamming-secded-13-8,1,20,0.05,14,main-335,detected_uncorrectable,,,104,64,40,9,5,3,2,0.625
main,8,hamming-secded-13-8,1,20,0.05,15,main-336,detected_uncorrectable,,,104,64,40,7,4,1,3,0.625
main,8,hamming-secded-13-8,1,20,0.05,16,main-337,detected_uncorrectable,,,104,64,40,5,3,1,2,0.625
main,8,hamming-secded-13-8,1,20,0.05,17,main-338,detected_uncorrectable,,,104,64,40,10,7,6,1,0.625
main,8,hamming-secded-13-8,1,20,0.05,18,main-339,detected_uncorrectable,,,104,64,40,6,5,4,1,0.625
main,8,hamming-secded-13-8,1,20,0.05,19,main-340,corrected,True,,104,64,40,4,4,4,0,0.625
main,8,hamming-secded-13-8,1,10,0.1,0,main-341,detected_uncorrectable,,,104,64,40,9,5,3,2,0.625
main,8,hamming-secded-13-8,1,10,0.1,1,main-342,detected_uncorrectable,,,104,64,40,11,5,2,3,0.625
main,8,hamming-secded-13-8,1,10,0.1,2,main-343,detected_uncorrectable,,,104,64,40,6,5,4,1,0.625
main,8,hamming-secded-13-8,1,10,0.1,3,main-344,detected_uncorrectable,,,104,64,40,7,5,3,2,0.625
main,8,hamming-secded-13-8,1,10,0.1,4,main-345,detected_uncorrectable,,,104,64,40,10,7,4,3,0.625
main,8,hamming-secded-13-8,1,10,0.1,5,main-346,detected_uncorrectable,,,104,64,40,7,5,3,2,0.625
main,8,hamming-secded-13-8,1,10,0.1,6,main-347,detected_uncorrectable,,,104,64,40,10,7,4,3,0.625
main,8,hamming-secded-13-8,1,10,0.1,7,main-348,detected_uncorrectable,,,104,64,40,12,7,6,1,0.625
main,8,hamming-secded-13-8,1,10,0.1,8,main-349,detected_uncorrectable,,,104,64,40,12,7,3,4,0.625
main,8,hamming-secded-13-8,1,10,0.1,9,main-350,detected_uncorrectable,,,104,64,40,11,7,5,2,0.625
main,8,hamming-secded-13-8,1,10,0.1,10,main-351,detected_uncorrectable,,,104,64,40,11,8,5,3,0.625
main,8,hamming-secded-13-8,1,10,0.1,11,main-352,detected_uncorrectable,,,104,64,40,5,3,1,2,0.625
main,8,hamming-secded-13-8,1,10,0.1,12,main-353,detected_uncorrectable,,,104,64,40,6,5,4,1,0.625
main,8,hamming-secded-13-8,1,10,0.1,13,main-354,detected_uncorrectable,,,104,64,40,8,6,4,2,0.625
main,8,hamming-secded-13-8,1,10,0.1,14,main-355,detected_uncorrectable,,,104,64,40,11,5,3,2,0.625
main,8,hamming-secded-13-8,1,10,0.1,15,main-356,detected_uncorrectable,,,104,64,40,10,4,1,3,0.625
main,8,hamming-secded-13-8,1,10,0.1,16,main-357,detected_uncorrectable,,,104,64,40,13,7,3,4,0.625
main,8,hamming-secded-13-8,1,10,0.1,17,main-358,detected_uncorrectable,,,104,64,40,14,7,6,1,0.625
main,8,hamming-secded-13-8,1,10,0.1,18,main-359,detected_uncorrectable,,,104,64,40,16,7,4,3,0.625
main,8,hamming-secded-13-8,1,10,0.1,19,main-360,detected_uncorrectable,,,104,64,40,8,6,4,2,0.625
main,32,crc32-iso-hdlc,0,1,0.0,0,main-361,ok,True,,288,256,32,0,0,0,0,0.125
main,32,crc32-iso-hdlc,0,1,0.0,1,main-362,ok,True,,288,256,32,0,0,0,0,0.125
main,32,crc32-iso-hdlc,0,1,0.0,2,main-363,ok,True,,288,256,32,0,0,0,0,0.125
main,32,crc32-iso-hdlc,0,1,0.0,3,main-364,ok,True,,288,256,32,0,0,0,0,0.125
main,32,crc32-iso-hdlc,0,1,0.0,4,main-365,ok,True,,288,256,32,0,0,0,0,0.125
main,32,crc32-iso-hdlc,0,1,0.0,5,main-366,ok,True,,288,256,32,0,0,0,0,0.125
main,32,crc32-iso-hdlc,0,1,0.0,6,main-367,ok,True,,288,256,32,0,0,0,0,0.125
main,32,crc32-iso-hdlc,0,1,0.0,7,main-368,ok,True,,288,256,32,0,0,0,0,0.125
main,32,crc32-iso-hdlc,0,1,0.0,8,main-369,ok,True,,288,256,32,0,0,0,0,0.125
main,32,crc32-iso-hdlc,0,1,0.0,9,main-370,ok,True,,288,256,32,0,0,0,0,0.125
main,32,crc32-iso-hdlc,0,1,0.0,10,main-371,ok,True,,288,256,32,0,0,0,0,0.125
main,32,crc32-iso-hdlc,0,1,0.0,11,main-372,ok,True,,288,256,32,0,0,0,0,0.125
main,32,crc32-iso-hdlc,0,1,0.0,12,main-373,ok,True,,288,256,32,0,0,0,0,0.125
main,32,crc32-iso-hdlc,0,1,0.0,13,main-374,ok,True,,288,256,32,0,0,0,0,0.125
main,32,crc32-iso-hdlc,0,1,0.0,14,main-375,ok,True,,288,256,32,0,0,0,0,0.125
main,32,crc32-iso-hdlc,0,1,0.0,15,main-376,ok,True,,288,256,32,0,0,0,0,0.125
main,32,crc32-iso-hdlc,0,1,0.0,16,main-377,ok,True,,288,256,32,0,0,0,0,0.125
main,32,crc32-iso-hdlc,0,1,0.0,17,main-378,ok,True,,288,256,32,0,0,0,0,0.125
main,32,crc32-iso-hdlc,0,1,0.0,18,main-379,ok,True,,288,256,32,0,0,0,0,0.125
main,32,crc32-iso-hdlc,0,1,0.0,19,main-380,ok,True,,288,256,32,0,0,0,0,0.125
main,32,crc32-iso-hdlc,1,100000,1e-05,0,main-381,ok,True,,288,256,32,0,0,0,0,0.125
main,32,crc32-iso-hdlc,1,100000,1e-05,1,main-382,ok,True,,288,256,32,0,0,0,0,0.125
main,32,crc32-iso-hdlc,1,100000,1e-05,2,main-383,ok,True,,288,256,32,0,0,0,0,0.125
main,32,crc32-iso-hdlc,1,100000,1e-05,3,main-384,ok,True,,288,256,32,0,0,0,0,0.125
main,32,crc32-iso-hdlc,1,100000,1e-05,4,main-385,ok,True,,288,256,32,0,0,0,0,0.125
main,32,crc32-iso-hdlc,1,100000,1e-05,5,main-386,ok,True,,288,256,32,0,0,0,0,0.125
main,32,crc32-iso-hdlc,1,100000,1e-05,6,main-387,ok,True,,288,256,32,0,0,0,0,0.125
main,32,crc32-iso-hdlc,1,100000,1e-05,7,main-388,ok,True,,288,256,32,0,0,0,0,0.125
main,32,crc32-iso-hdlc,1,100000,1e-05,8,main-389,ok,True,,288,256,32,0,0,0,0,0.125
main,32,crc32-iso-hdlc,1,100000,1e-05,9,main-390,ok,True,,288,256,32,0,0,0,0,0.125
main,32,crc32-iso-hdlc,1,100000,1e-05,10,main-391,ok,True,,288,256,32,0,0,0,0,0.125
main,32,crc32-iso-hdlc,1,100000,1e-05,11,main-392,ok,True,,288,256,32,0,0,0,0,0.125
main,32,crc32-iso-hdlc,1,100000,1e-05,12,main-393,ok,True,,288,256,32,0,0,0,0,0.125
main,32,crc32-iso-hdlc,1,100000,1e-05,13,main-394,ok,True,,288,256,32,0,0,0,0,0.125
main,32,crc32-iso-hdlc,1,100000,1e-05,14,main-395,ok,True,,288,256,32,0,0,0,0,0.125
main,32,crc32-iso-hdlc,1,100000,1e-05,15,main-396,ok,True,,288,256,32,0,0,0,0,0.125
main,32,crc32-iso-hdlc,1,100000,1e-05,16,main-397,ok,True,,288,256,32,0,0,0,0,0.125
main,32,crc32-iso-hdlc,1,100000,1e-05,17,main-398,ok,True,,288,256,32,0,0,0,0,0.125
main,32,crc32-iso-hdlc,1,100000,1e-05,18,main-399,ok,True,,288,256,32,0,0,0,0,0.125
main,32,crc32-iso-hdlc,1,100000,1e-05,19,main-400,ok,True,,288,256,32,0,0,0,0,0.125
main,32,crc32-iso-hdlc,1,10000,0.0001,0,main-401,ok,True,,288,256,32,0,0,0,0,0.125
main,32,crc32-iso-hdlc,1,10000,0.0001,1,main-402,ok,True,,288,256,32,0,0,0,0,0.125
main,32,crc32-iso-hdlc,1,10000,0.0001,2,main-403,ok,True,,288,256,32,0,0,0,0,0.125
main,32,crc32-iso-hdlc,1,10000,0.0001,3,main-404,ok,True,,288,256,32,0,0,0,0,0.125
main,32,crc32-iso-hdlc,1,10000,0.0001,4,main-405,ok,True,,288,256,32,0,0,0,0,0.125
main,32,crc32-iso-hdlc,1,10000,0.0001,5,main-406,ok,True,,288,256,32,0,0,0,0,0.125
main,32,crc32-iso-hdlc,1,10000,0.0001,6,main-407,ok,True,,288,256,32,0,0,0,0,0.125
main,32,crc32-iso-hdlc,1,10000,0.0001,7,main-408,ok,True,,288,256,32,0,0,0,0,0.125
main,32,crc32-iso-hdlc,1,10000,0.0001,8,main-409,ok,True,,288,256,32,0,0,0,0,0.125
main,32,crc32-iso-hdlc,1,10000,0.0001,9,main-410,ok,True,,288,256,32,0,0,0,0,0.125
main,32,crc32-iso-hdlc,1,10000,0.0001,10,main-411,ok,True,,288,256,32,0,0,0,0,0.125
main,32,crc32-iso-hdlc,1,10000,0.0001,11,main-412,ok,True,,288,256,32,0,0,0,0,0.125
main,32,crc32-iso-hdlc,1,10000,0.0001,12,main-413,ok,True,,288,256,32,0,0,0,0,0.125
main,32,crc32-iso-hdlc,1,10000,0.0001,13,main-414,ok,True,,288,256,32,0,0,0,0,0.125
main,32,crc32-iso-hdlc,1,10000,0.0001,14,main-415,ok,True,,288,256,32,0,0,0,0,0.125
main,32,crc32-iso-hdlc,1,10000,0.0001,15,main-416,ok,True,,288,256,32,0,0,0,0,0.125
main,32,crc32-iso-hdlc,1,10000,0.0001,16,main-417,detected_uncorrectable,,,288,256,32,1,1,0,1,0.125
main,32,crc32-iso-hdlc,1,10000,0.0001,17,main-418,ok,True,,288,256,32,0,0,0,0,0.125
main,32,crc32-iso-hdlc,1,10000,0.0001,18,main-419,ok,True,,288,256,32,0,0,0,0,0.125
main,32,crc32-iso-hdlc,1,10000,0.0001,19,main-420,ok,True,,288,256,32,0,0,0,0,0.125
main,32,crc32-iso-hdlc,1,1000,0.001,0,main-421,ok,True,,288,256,32,0,0,0,0,0.125
main,32,crc32-iso-hdlc,1,1000,0.001,1,main-422,detected_uncorrectable,,,288,256,32,1,1,0,1,0.125
main,32,crc32-iso-hdlc,1,1000,0.001,2,main-423,detected_uncorrectable,,,288,256,32,1,1,0,1,0.125
main,32,crc32-iso-hdlc,1,1000,0.001,3,main-424,detected_uncorrectable,,,288,256,32,1,1,0,1,0.125
main,32,crc32-iso-hdlc,1,1000,0.001,4,main-425,ok,True,,288,256,32,0,0,0,0,0.125
main,32,crc32-iso-hdlc,1,1000,0.001,5,main-426,detected_uncorrectable,,,288,256,32,1,1,0,1,0.125
main,32,crc32-iso-hdlc,1,1000,0.001,6,main-427,detected_uncorrectable,,,288,256,32,1,1,0,1,0.125
main,32,crc32-iso-hdlc,1,1000,0.001,7,main-428,ok,True,,288,256,32,0,0,0,0,0.125
main,32,crc32-iso-hdlc,1,1000,0.001,8,main-429,ok,True,,288,256,32,0,0,0,0,0.125
main,32,crc32-iso-hdlc,1,1000,0.001,9,main-430,detected_uncorrectable,,,288,256,32,1,1,0,1,0.125
main,32,crc32-iso-hdlc,1,1000,0.001,10,main-431,detected_uncorrectable,,,288,256,32,3,1,0,1,0.125
main,32,crc32-iso-hdlc,1,1000,0.001,11,main-432,detected_uncorrectable,,,288,256,32,1,1,0,1,0.125
main,32,crc32-iso-hdlc,1,1000,0.001,12,main-433,detected_uncorrectable,,,288,256,32,1,1,0,1,0.125
main,32,crc32-iso-hdlc,1,1000,0.001,13,main-434,ok,True,,288,256,32,0,0,0,0,0.125
main,32,crc32-iso-hdlc,1,1000,0.001,14,main-435,detected_uncorrectable,,,288,256,32,1,1,0,1,0.125
main,32,crc32-iso-hdlc,1,1000,0.001,15,main-436,ok,True,,288,256,32,0,0,0,0,0.125
main,32,crc32-iso-hdlc,1,1000,0.001,16,main-437,detected_uncorrectable,,,288,256,32,1,1,0,1,0.125
main,32,crc32-iso-hdlc,1,1000,0.001,17,main-438,ok,True,,288,256,32,0,0,0,0,0.125
main,32,crc32-iso-hdlc,1,1000,0.001,18,main-439,ok,True,,288,256,32,0,0,0,0,0.125
main,32,crc32-iso-hdlc,1,1000,0.001,19,main-440,detected_uncorrectable,,,288,256,32,1,1,0,1,0.125
main,32,crc32-iso-hdlc,1,200,0.005,0,main-441,detected_uncorrectable,,,288,256,32,1,1,0,1,0.125
main,32,crc32-iso-hdlc,1,200,0.005,1,main-442,detected_uncorrectable,,,288,256,32,2,1,0,1,0.125
main,32,crc32-iso-hdlc,1,200,0.005,2,main-443,detected_uncorrectable,,,288,256,32,1,1,0,1,0.125
main,32,crc32-iso-hdlc,1,200,0.005,3,main-444,detected_uncorrectable,,,288,256,32,2,1,0,1,0.125
main,32,crc32-iso-hdlc,1,200,0.005,4,main-445,detected_uncorrectable,,,288,256,32,1,1,0,1,0.125
main,32,crc32-iso-hdlc,1,200,0.005,5,main-446,detected_uncorrectable,,,288,256,32,3,1,0,1,0.125
main,32,crc32-iso-hdlc,1,200,0.005,6,main-447,detected_uncorrectable,,,288,256,32,3,1,0,1,0.125
main,32,crc32-iso-hdlc,1,200,0.005,7,main-448,ok,True,,288,256,32,0,0,0,0,0.125
main,32,crc32-iso-hdlc,1,200,0.005,8,main-449,detected_uncorrectable,,,288,256,32,3,1,0,1,0.125
main,32,crc32-iso-hdlc,1,200,0.005,9,main-450,detected_uncorrectable,,,288,256,32,2,1,0,1,0.125
main,32,crc32-iso-hdlc,1,200,0.005,10,main-451,detected_uncorrectable,,,288,256,32,5,1,0,1,0.125
main,32,crc32-iso-hdlc,1,200,0.005,11,main-452,detected_uncorrectable,,,288,256,32,3,1,0,1,0.125
main,32,crc32-iso-hdlc,1,200,0.005,12,main-453,detected_uncorrectable,,,288,256,32,2,1,0,1,0.125
main,32,crc32-iso-hdlc,1,200,0.005,13,main-454,ok,True,,288,256,32,0,0,0,0,0.125
main,32,crc32-iso-hdlc,1,200,0.005,14,main-455,detected_uncorrectable,,,288,256,32,3,1,0,1,0.125
main,32,crc32-iso-hdlc,1,200,0.005,15,main-456,ok,True,,288,256,32,0,0,0,0,0.125
main,32,crc32-iso-hdlc,1,200,0.005,16,main-457,detected_uncorrectable,,,288,256,32,1,1,0,1,0.125
main,32,crc32-iso-hdlc,1,200,0.005,17,main-458,detected_uncorrectable,,,288,256,32,2,1,0,1,0.125
main,32,crc32-iso-hdlc,1,200,0.005,18,main-459,detected_uncorrectable,,,288,256,32,1,1,0,1,0.125
main,32,crc32-iso-hdlc,1,200,0.005,19,main-460,detected_uncorrectable,,,288,256,32,2,1,0,1,0.125
main,32,crc32-iso-hdlc,1,100,0.01,0,main-461,detected_uncorrectable,,,288,256,32,2,1,0,1,0.125
main,32,crc32-iso-hdlc,1,100,0.01,1,main-462,detected_uncorrectable,,,288,256,32,3,1,0,1,0.125
main,32,crc32-iso-hdlc,1,100,0.01,2,main-463,detected_uncorrectable,,,288,256,32,3,1,0,1,0.125
main,32,crc32-iso-hdlc,1,100,0.01,3,main-464,detected_uncorrectable,,,288,256,32,3,1,0,1,0.125
main,32,crc32-iso-hdlc,1,100,0.01,4,main-465,detected_uncorrectable,,,288,256,32,3,1,0,1,0.125
main,32,crc32-iso-hdlc,1,100,0.01,5,main-466,detected_uncorrectable,,,288,256,32,4,1,0,1,0.125
main,32,crc32-iso-hdlc,1,100,0.01,6,main-467,detected_uncorrectable,,,288,256,32,6,1,0,1,0.125
main,32,crc32-iso-hdlc,1,100,0.01,7,main-468,detected_uncorrectable,,,288,256,32,2,1,0,1,0.125
main,32,crc32-iso-hdlc,1,100,0.01,8,main-469,detected_uncorrectable,,,288,256,32,7,1,0,1,0.125
main,32,crc32-iso-hdlc,1,100,0.01,9,main-470,detected_uncorrectable,,,288,256,32,3,1,0,1,0.125
main,32,crc32-iso-hdlc,1,100,0.01,10,main-471,detected_uncorrectable,,,288,256,32,6,1,0,1,0.125
main,32,crc32-iso-hdlc,1,100,0.01,11,main-472,detected_uncorrectable,,,288,256,32,4,1,0,1,0.125
main,32,crc32-iso-hdlc,1,100,0.01,12,main-473,detected_uncorrectable,,,288,256,32,4,1,0,1,0.125
main,32,crc32-iso-hdlc,1,100,0.01,13,main-474,ok,True,,288,256,32,0,0,0,0,0.125
main,32,crc32-iso-hdlc,1,100,0.01,14,main-475,detected_uncorrectable,,,288,256,32,6,1,0,1,0.125
main,32,crc32-iso-hdlc,1,100,0.01,15,main-476,detected_uncorrectable,,,288,256,32,1,1,0,1,0.125
main,32,crc32-iso-hdlc,1,100,0.01,16,main-477,detected_uncorrectable,,,288,256,32,1,1,0,1,0.125
main,32,crc32-iso-hdlc,1,100,0.01,17,main-478,detected_uncorrectable,,,288,256,32,3,1,0,1,0.125
main,32,crc32-iso-hdlc,1,100,0.01,18,main-479,detected_uncorrectable,,,288,256,32,3,1,0,1,0.125
main,32,crc32-iso-hdlc,1,100,0.01,19,main-480,detected_uncorrectable,,,288,256,32,5,1,0,1,0.125
main,32,crc32-iso-hdlc,1,50,0.02,0,main-481,detected_uncorrectable,,,288,256,32,3,1,0,1,0.125
main,32,crc32-iso-hdlc,1,50,0.02,1,main-482,detected_uncorrectable,,,288,256,32,4,1,0,1,0.125
main,32,crc32-iso-hdlc,1,50,0.02,2,main-483,detected_uncorrectable,,,288,256,32,6,1,0,1,0.125
main,32,crc32-iso-hdlc,1,50,0.02,3,main-484,detected_uncorrectable,,,288,256,32,5,1,0,1,0.125
main,32,crc32-iso-hdlc,1,50,0.02,4,main-485,detected_uncorrectable,,,288,256,32,7,1,0,1,0.125
main,32,crc32-iso-hdlc,1,50,0.02,5,main-486,detected_uncorrectable,,,288,256,32,7,1,0,1,0.125
main,32,crc32-iso-hdlc,1,50,0.02,6,main-487,detected_uncorrectable,,,288,256,32,9,1,0,1,0.125
main,32,crc32-iso-hdlc,1,50,0.02,7,main-488,detected_uncorrectable,,,288,256,32,5,1,0,1,0.125
main,32,crc32-iso-hdlc,1,50,0.02,8,main-489,detected_uncorrectable,,,288,256,32,10,1,0,1,0.125
main,32,crc32-iso-hdlc,1,50,0.02,9,main-490,detected_uncorrectable,,,288,256,32,7,1,0,1,0.125
main,32,crc32-iso-hdlc,1,50,0.02,10,main-491,detected_uncorrectable,,,288,256,32,11,1,0,1,0.125
main,32,crc32-iso-hdlc,1,50,0.02,11,main-492,detected_uncorrectable,,,288,256,32,7,1,0,1,0.125
main,32,crc32-iso-hdlc,1,50,0.02,12,main-493,detected_uncorrectable,,,288,256,32,4,1,0,1,0.125
main,32,crc32-iso-hdlc,1,50,0.02,13,main-494,detected_uncorrectable,,,288,256,32,3,1,0,1,0.125
main,32,crc32-iso-hdlc,1,50,0.02,14,main-495,detected_uncorrectable,,,288,256,32,9,1,0,1,0.125
main,32,crc32-iso-hdlc,1,50,0.02,15,main-496,detected_uncorrectable,,,288,256,32,3,1,0,1,0.125
main,32,crc32-iso-hdlc,1,50,0.02,16,main-497,detected_uncorrectable,,,288,256,32,4,1,0,1,0.125
main,32,crc32-iso-hdlc,1,50,0.02,17,main-498,detected_uncorrectable,,,288,256,32,7,1,0,1,0.125
main,32,crc32-iso-hdlc,1,50,0.02,18,main-499,detected_uncorrectable,,,288,256,32,5,1,0,1,0.125
main,32,crc32-iso-hdlc,1,50,0.02,19,main-500,detected_uncorrectable,,,288,256,32,9,1,0,1,0.125
main,32,crc32-iso-hdlc,1,20,0.05,0,main-501,detected_uncorrectable,,,288,256,32,13,1,0,1,0.125
main,32,crc32-iso-hdlc,1,20,0.05,1,main-502,detected_uncorrectable,,,288,256,32,15,1,0,1,0.125
main,32,crc32-iso-hdlc,1,20,0.05,2,main-503,detected_uncorrectable,,,288,256,32,11,1,0,1,0.125
main,32,crc32-iso-hdlc,1,20,0.05,3,main-504,detected_uncorrectable,,,288,256,32,12,1,0,1,0.125
main,32,crc32-iso-hdlc,1,20,0.05,4,main-505,detected_uncorrectable,,,288,256,32,20,1,0,1,0.125
main,32,crc32-iso-hdlc,1,20,0.05,5,main-506,detected_uncorrectable,,,288,256,32,15,1,0,1,0.125
main,32,crc32-iso-hdlc,1,20,0.05,6,main-507,detected_uncorrectable,,,288,256,32,16,1,0,1,0.125
main,32,crc32-iso-hdlc,1,20,0.05,7,main-508,detected_uncorrectable,,,288,256,32,13,1,0,1,0.125
main,32,crc32-iso-hdlc,1,20,0.05,8,main-509,detected_uncorrectable,,,288,256,32,15,1,0,1,0.125
main,32,crc32-iso-hdlc,1,20,0.05,9,main-510,detected_uncorrectable,,,288,256,32,12,1,0,1,0.125
main,32,crc32-iso-hdlc,1,20,0.05,10,main-511,detected_uncorrectable,,,288,256,32,18,1,0,1,0.125
main,32,crc32-iso-hdlc,1,20,0.05,11,main-512,detected_uncorrectable,,,288,256,32,12,1,0,1,0.125
main,32,crc32-iso-hdlc,1,20,0.05,12,main-513,detected_uncorrectable,,,288,256,32,15,1,0,1,0.125
main,32,crc32-iso-hdlc,1,20,0.05,13,main-514,detected_uncorrectable,,,288,256,32,13,1,0,1,0.125
main,32,crc32-iso-hdlc,1,20,0.05,14,main-515,detected_uncorrectable,,,288,256,32,20,1,0,1,0.125
main,32,crc32-iso-hdlc,1,20,0.05,15,main-516,detected_uncorrectable,,,288,256,32,16,1,0,1,0.125
main,32,crc32-iso-hdlc,1,20,0.05,16,main-517,detected_uncorrectable,,,288,256,32,11,1,0,1,0.125
main,32,crc32-iso-hdlc,1,20,0.05,17,main-518,detected_uncorrectable,,,288,256,32,25,1,0,1,0.125
main,32,crc32-iso-hdlc,1,20,0.05,18,main-519,detected_uncorrectable,,,288,256,32,17,1,0,1,0.125
main,32,crc32-iso-hdlc,1,20,0.05,19,main-520,detected_uncorrectable,,,288,256,32,17,1,0,1,0.125
main,32,crc32-iso-hdlc,1,10,0.1,0,main-521,detected_uncorrectable,,,288,256,32,24,1,0,1,0.125
main,32,crc32-iso-hdlc,1,10,0.1,1,main-522,detected_uncorrectable,,,288,256,32,35,1,0,1,0.125
main,32,crc32-iso-hdlc,1,10,0.1,2,main-523,detected_uncorrectable,,,288,256,32,24,1,0,1,0.125
main,32,crc32-iso-hdlc,1,10,0.1,3,main-524,detected_uncorrectable,,,288,256,32,28,1,0,1,0.125
main,32,crc32-iso-hdlc,1,10,0.1,4,main-525,detected_uncorrectable,,,288,256,32,34,1,0,1,0.125
main,32,crc32-iso-hdlc,1,10,0.1,5,main-526,detected_uncorrectable,,,288,256,32,23,1,0,1,0.125
main,32,crc32-iso-hdlc,1,10,0.1,6,main-527,detected_uncorrectable,,,288,256,32,27,1,0,1,0.125
main,32,crc32-iso-hdlc,1,10,0.1,7,main-528,detected_uncorrectable,,,288,256,32,31,1,0,1,0.125
main,32,crc32-iso-hdlc,1,10,0.1,8,main-529,detected_uncorrectable,,,288,256,32,26,1,0,1,0.125
main,32,crc32-iso-hdlc,1,10,0.1,9,main-530,detected_uncorrectable,,,288,256,32,27,1,0,1,0.125
main,32,crc32-iso-hdlc,1,10,0.1,10,main-531,detected_uncorrectable,,,288,256,32,26,1,0,1,0.125
main,32,crc32-iso-hdlc,1,10,0.1,11,main-532,detected_uncorrectable,,,288,256,32,18,1,0,1,0.125
main,32,crc32-iso-hdlc,1,10,0.1,12,main-533,detected_uncorrectable,,,288,256,32,27,1,0,1,0.125
main,32,crc32-iso-hdlc,1,10,0.1,13,main-534,detected_uncorrectable,,,288,256,32,29,1,0,1,0.125
main,32,crc32-iso-hdlc,1,10,0.1,14,main-535,detected_uncorrectable,,,288,256,32,30,1,0,1,0.125
main,32,crc32-iso-hdlc,1,10,0.1,15,main-536,detected_uncorrectable,,,288,256,32,31,1,0,1,0.125
main,32,crc32-iso-hdlc,1,10,0.1,16,main-537,detected_uncorrectable,,,288,256,32,29,1,0,1,0.125
main,32,crc32-iso-hdlc,1,10,0.1,17,main-538,detected_uncorrectable,,,288,256,32,39,1,0,1,0.125
main,32,crc32-iso-hdlc,1,10,0.1,18,main-539,detected_uncorrectable,,,288,256,32,42,1,0,1,0.125
main,32,crc32-iso-hdlc,1,10,0.1,19,main-540,detected_uncorrectable,,,288,256,32,29,1,0,1,0.125
main,32,hamming-secded-13-8,0,1,0.0,0,main-541,ok,True,,416,256,160,0,0,0,0,0.625
main,32,hamming-secded-13-8,0,1,0.0,1,main-542,ok,True,,416,256,160,0,0,0,0,0.625
main,32,hamming-secded-13-8,0,1,0.0,2,main-543,ok,True,,416,256,160,0,0,0,0,0.625
main,32,hamming-secded-13-8,0,1,0.0,3,main-544,ok,True,,416,256,160,0,0,0,0,0.625
main,32,hamming-secded-13-8,0,1,0.0,4,main-545,ok,True,,416,256,160,0,0,0,0,0.625
main,32,hamming-secded-13-8,0,1,0.0,5,main-546,ok,True,,416,256,160,0,0,0,0,0.625
main,32,hamming-secded-13-8,0,1,0.0,6,main-547,ok,True,,416,256,160,0,0,0,0,0.625
main,32,hamming-secded-13-8,0,1,0.0,7,main-548,ok,True,,416,256,160,0,0,0,0,0.625
main,32,hamming-secded-13-8,0,1,0.0,8,main-549,ok,True,,416,256,160,0,0,0,0,0.625
main,32,hamming-secded-13-8,0,1,0.0,9,main-550,ok,True,,416,256,160,0,0,0,0,0.625
main,32,hamming-secded-13-8,0,1,0.0,10,main-551,ok,True,,416,256,160,0,0,0,0,0.625
main,32,hamming-secded-13-8,0,1,0.0,11,main-552,ok,True,,416,256,160,0,0,0,0,0.625
main,32,hamming-secded-13-8,0,1,0.0,12,main-553,ok,True,,416,256,160,0,0,0,0,0.625
main,32,hamming-secded-13-8,0,1,0.0,13,main-554,ok,True,,416,256,160,0,0,0,0,0.625
main,32,hamming-secded-13-8,0,1,0.0,14,main-555,ok,True,,416,256,160,0,0,0,0,0.625
main,32,hamming-secded-13-8,0,1,0.0,15,main-556,ok,True,,416,256,160,0,0,0,0,0.625
main,32,hamming-secded-13-8,0,1,0.0,16,main-557,ok,True,,416,256,160,0,0,0,0,0.625
main,32,hamming-secded-13-8,0,1,0.0,17,main-558,ok,True,,416,256,160,0,0,0,0,0.625
main,32,hamming-secded-13-8,0,1,0.0,18,main-559,ok,True,,416,256,160,0,0,0,0,0.625
main,32,hamming-secded-13-8,0,1,0.0,19,main-560,ok,True,,416,256,160,0,0,0,0,0.625
main,32,hamming-secded-13-8,1,100000,1e-05,0,main-561,ok,True,,416,256,160,0,0,0,0,0.625
main,32,hamming-secded-13-8,1,100000,1e-05,1,main-562,ok,True,,416,256,160,0,0,0,0,0.625
main,32,hamming-secded-13-8,1,100000,1e-05,2,main-563,ok,True,,416,256,160,0,0,0,0,0.625
main,32,hamming-secded-13-8,1,100000,1e-05,3,main-564,ok,True,,416,256,160,0,0,0,0,0.625
main,32,hamming-secded-13-8,1,100000,1e-05,4,main-565,ok,True,,416,256,160,0,0,0,0,0.625
main,32,hamming-secded-13-8,1,100000,1e-05,5,main-566,ok,True,,416,256,160,0,0,0,0,0.625
main,32,hamming-secded-13-8,1,100000,1e-05,6,main-567,ok,True,,416,256,160,0,0,0,0,0.625
main,32,hamming-secded-13-8,1,100000,1e-05,7,main-568,ok,True,,416,256,160,0,0,0,0,0.625
main,32,hamming-secded-13-8,1,100000,1e-05,8,main-569,ok,True,,416,256,160,0,0,0,0,0.625
main,32,hamming-secded-13-8,1,100000,1e-05,9,main-570,ok,True,,416,256,160,0,0,0,0,0.625
main,32,hamming-secded-13-8,1,100000,1e-05,10,main-571,ok,True,,416,256,160,0,0,0,0,0.625
main,32,hamming-secded-13-8,1,100000,1e-05,11,main-572,ok,True,,416,256,160,0,0,0,0,0.625
main,32,hamming-secded-13-8,1,100000,1e-05,12,main-573,ok,True,,416,256,160,0,0,0,0,0.625
main,32,hamming-secded-13-8,1,100000,1e-05,13,main-574,ok,True,,416,256,160,0,0,0,0,0.625
main,32,hamming-secded-13-8,1,100000,1e-05,14,main-575,ok,True,,416,256,160,0,0,0,0,0.625
main,32,hamming-secded-13-8,1,100000,1e-05,15,main-576,ok,True,,416,256,160,0,0,0,0,0.625
main,32,hamming-secded-13-8,1,100000,1e-05,16,main-577,ok,True,,416,256,160,0,0,0,0,0.625
main,32,hamming-secded-13-8,1,100000,1e-05,17,main-578,ok,True,,416,256,160,0,0,0,0,0.625
main,32,hamming-secded-13-8,1,100000,1e-05,18,main-579,ok,True,,416,256,160,0,0,0,0,0.625
main,32,hamming-secded-13-8,1,100000,1e-05,19,main-580,ok,True,,416,256,160,0,0,0,0,0.625
main,32,hamming-secded-13-8,1,10000,0.0001,0,main-581,ok,True,,416,256,160,0,0,0,0,0.625
main,32,hamming-secded-13-8,1,10000,0.0001,1,main-582,ok,True,,416,256,160,0,0,0,0,0.625
main,32,hamming-secded-13-8,1,10000,0.0001,2,main-583,ok,True,,416,256,160,0,0,0,0,0.625
main,32,hamming-secded-13-8,1,10000,0.0001,3,main-584,ok,True,,416,256,160,0,0,0,0,0.625
main,32,hamming-secded-13-8,1,10000,0.0001,4,main-585,ok,True,,416,256,160,0,0,0,0,0.625
main,32,hamming-secded-13-8,1,10000,0.0001,5,main-586,ok,True,,416,256,160,0,0,0,0,0.625
main,32,hamming-secded-13-8,1,10000,0.0001,6,main-587,ok,True,,416,256,160,0,0,0,0,0.625
main,32,hamming-secded-13-8,1,10000,0.0001,7,main-588,ok,True,,416,256,160,0,0,0,0,0.625
main,32,hamming-secded-13-8,1,10000,0.0001,8,main-589,ok,True,,416,256,160,0,0,0,0,0.625
main,32,hamming-secded-13-8,1,10000,0.0001,9,main-590,ok,True,,416,256,160,0,0,0,0,0.625
main,32,hamming-secded-13-8,1,10000,0.0001,10,main-591,ok,True,,416,256,160,0,0,0,0,0.625
main,32,hamming-secded-13-8,1,10000,0.0001,11,main-592,ok,True,,416,256,160,0,0,0,0,0.625
main,32,hamming-secded-13-8,1,10000,0.0001,12,main-593,ok,True,,416,256,160,0,0,0,0,0.625
main,32,hamming-secded-13-8,1,10000,0.0001,13,main-594,ok,True,,416,256,160,0,0,0,0,0.625
main,32,hamming-secded-13-8,1,10000,0.0001,14,main-595,ok,True,,416,256,160,0,0,0,0,0.625
main,32,hamming-secded-13-8,1,10000,0.0001,15,main-596,ok,True,,416,256,160,0,0,0,0,0.625
main,32,hamming-secded-13-8,1,10000,0.0001,16,main-597,corrected,True,,416,256,160,1,1,1,0,0.625
main,32,hamming-secded-13-8,1,10000,0.0001,17,main-598,ok,True,,416,256,160,0,0,0,0,0.625
main,32,hamming-secded-13-8,1,10000,0.0001,18,main-599,ok,True,,416,256,160,0,0,0,0,0.625
main,32,hamming-secded-13-8,1,10000,0.0001,19,main-600,ok,True,,416,256,160,0,0,0,0,0.625
main,32,hamming-secded-13-8,1,1000,0.001,0,main-601,corrected,True,,416,256,160,1,1,1,0,0.625
main,32,hamming-secded-13-8,1,1000,0.001,1,main-602,corrected,True,,416,256,160,1,1,1,0,0.625
main,32,hamming-secded-13-8,1,1000,0.001,2,main-603,corrected,True,,416,256,160,1,1,1,0,0.625
main,32,hamming-secded-13-8,1,1000,0.001,3,main-604,corrected,True,,416,256,160,1,1,1,0,0.625
main,32,hamming-secded-13-8,1,1000,0.001,4,main-605,ok,True,,416,256,160,0,0,0,0,0.625
main,32,hamming-secded-13-8,1,1000,0.001,5,main-606,corrected,True,,416,256,160,1,1,1,0,0.625
main,32,hamming-secded-13-8,1,1000,0.001,6,main-607,corrected,True,,416,256,160,1,1,1,0,0.625
main,32,hamming-secded-13-8,1,1000,0.001,7,main-608,ok,True,,416,256,160,0,0,0,0,0.625
main,32,hamming-secded-13-8,1,1000,0.001,8,main-609,corrected,True,,416,256,160,1,1,1,0,0.625
main,32,hamming-secded-13-8,1,1000,0.001,9,main-610,corrected,True,,416,256,160,1,1,1,0,0.625
main,32,hamming-secded-13-8,1,1000,0.001,10,main-611,corrected,True,,416,256,160,3,3,3,0,0.625
main,32,hamming-secded-13-8,1,1000,0.001,11,main-612,corrected,True,,416,256,160,1,1,1,0,0.625
main,32,hamming-secded-13-8,1,1000,0.001,12,main-613,corrected,True,,416,256,160,1,1,1,0,0.625
main,32,hamming-secded-13-8,1,1000,0.001,13,main-614,ok,True,,416,256,160,0,0,0,0,0.625
main,32,hamming-secded-13-8,1,1000,0.001,14,main-615,corrected,True,,416,256,160,1,1,1,0,0.625
main,32,hamming-secded-13-8,1,1000,0.001,15,main-616,ok,True,,416,256,160,0,0,0,0,0.625
main,32,hamming-secded-13-8,1,1000,0.001,16,main-617,corrected,True,,416,256,160,1,1,1,0,0.625
main,32,hamming-secded-13-8,1,1000,0.001,17,main-618,ok,True,,416,256,160,0,0,0,0,0.625
main,32,hamming-secded-13-8,1,1000,0.001,18,main-619,ok,True,,416,256,160,0,0,0,0,0.625
main,32,hamming-secded-13-8,1,1000,0.001,19,main-620,corrected,True,,416,256,160,2,2,2,0,0.625
main,32,hamming-secded-13-8,1,200,0.005,0,main-621,corrected,True,,416,256,160,3,3,3,0,0.625
main,32,hamming-secded-13-8,1,200,0.005,1,main-622,corrected,True,,416,256,160,3,3,3,0,0.625
main,32,hamming-secded-13-8,1,200,0.005,2,main-623,corrected,True,,416,256,160,1,1,1,0,0.625
main,32,hamming-secded-13-8,1,200,0.005,3,main-624,corrected,True,,416,256,160,2,2,2,0,0.625
main,32,hamming-secded-13-8,1,200,0.005,4,main-625,corrected,True,,416,256,160,1,1,1,0,0.625
main,32,hamming-secded-13-8,1,200,0.005,5,main-626,corrected,True,,416,256,160,3,3,3,0,0.625
main,32,hamming-secded-13-8,1,200,0.005,6,main-627,detected_uncorrectable,,,416,256,160,3,2,1,1,0.625
main,32,hamming-secded-13-8,1,200,0.005,7,main-628,ok,True,,416,256,160,0,0,0,0,0.625
main,32,hamming-secded-13-8,1,200,0.005,8,main-629,corrected,True,,416,256,160,4,4,4,0,0.625
main,32,hamming-secded-13-8,1,200,0.005,9,main-630,corrected,True,,416,256,160,3,3,3,0,0.625
main,32,hamming-secded-13-8,1,200,0.005,10,main-631,detected_uncorrectable,,,416,256,160,5,4,3,1,0.625
main,32,hamming-secded-13-8,1,200,0.005,11,main-632,corrected,True,,416,256,160,3,3,3,0,0.625
main,32,hamming-secded-13-8,1,200,0.005,12,main-633,corrected,True,,416,256,160,2,2,2,0,0.625
main,32,hamming-secded-13-8,1,200,0.005,13,main-634,corrected,True,,416,256,160,1,1,1,0,0.625
main,32,hamming-secded-13-8,1,200,0.005,14,main-635,corrected,True,,416,256,160,5,5,5,0,0.625
main,32,hamming-secded-13-8,1,200,0.005,15,main-636,ok,True,,416,256,160,0,0,0,0,0.625
main,32,hamming-secded-13-8,1,200,0.005,16,main-637,corrected,True,,416,256,160,4,4,4,0,0.625
main,32,hamming-secded-13-8,1,200,0.005,17,main-638,detected_uncorrectable,,,416,256,160,2,1,0,1,0.625
main,32,hamming-secded-13-8,1,200,0.005,18,main-639,corrected,True,,416,256,160,1,1,1,0,0.625
main,32,hamming-secded-13-8,1,200,0.005,19,main-640,corrected,True,,416,256,160,3,3,3,0,0.625
main,32,hamming-secded-13-8,1,100,0.01,0,main-641,corrected,True,,416,256,160,4,4,4,0,0.625
main,32,hamming-secded-13-8,1,100,0.01,1,main-642,corrected,True,,416,256,160,5,5,5,0,0.625
main,32,hamming-secded-13-8,1,100,0.01,2,main-643,corrected,True,,416,256,160,4,4,4,0,0.625
main,32,hamming-secded-13-8,1,100,0.01,3,main-644,corrected,True,,416,256,160,3,3,3,0,0.625
main,32,hamming-secded-13-8,1,100,0.01,4,main-645,corrected,True,,416,256,160,3,3,3,0,0.625
main,32,hamming-secded-13-8,1,100,0.01,5,main-646,corrected,True,,416,256,160,4,4,4,0,0.625
main,32,hamming-secded-13-8,1,100,0.01,6,main-647,detected_uncorrectable,,,416,256,160,6,4,2,2,0.625
main,32,hamming-secded-13-8,1,100,0.01,7,main-648,corrected,True,,416,256,160,3,3,3,0,0.625
main,32,hamming-secded-13-8,1,100,0.01,8,main-649,corrected,True,,416,256,160,9,9,9,0,0.625
main,32,hamming-secded-13-8,1,100,0.01,9,main-650,corrected,True,,416,256,160,4,4,4,0,0.625
main,32,hamming-secded-13-8,1,100,0.01,10,main-651,detected_uncorrectable,,,416,256,160,7,5,3,2,0.625
main,32,hamming-secded-13-8,1,100,0.01,11,main-652,corrected,True,,416,256,160,4,4,4,0,0.625
main,32,hamming-secded-13-8,1,100,0.01,12,main-653,corrected,True,,416,256,160,5,5,5,0,0.625
main,32,hamming-secded-13-8,1,100,0.01,13,main-654,corrected,True,,416,256,160,3,3,3,0,0.625
main,32,hamming-secded-13-8,1,100,0.01,14,main-655,corrected,True,,416,256,160,9,9,9,0,0.625
main,32,hamming-secded-13-8,1,100,0.01,15,main-656,corrected,True,,416,256,160,1,1,1,0,0.625
main,32,hamming-secded-13-8,1,100,0.01,16,main-657,corrected,True,,416,256,160,4,4,4,0,0.625
main,32,hamming-secded-13-8,1,100,0.01,17,main-658,detected_uncorrectable,,,416,256,160,4,3,2,1,0.625
main,32,hamming-secded-13-8,1,100,0.01,18,main-659,corrected,True,,416,256,160,3,3,3,0,0.625
main,32,hamming-secded-13-8,1,100,0.01,19,main-660,detected_uncorrectable,,,416,256,160,7,6,5,1,0.625
main,32,hamming-secded-13-8,1,50,0.02,0,main-661,corrected,True,,416,256,160,6,6,6,0,0.625
main,32,hamming-secded-13-8,1,50,0.02,1,main-662,corrected,True,,416,256,160,6,6,6,0,0.625
main,32,hamming-secded-13-8,1,50,0.02,2,main-663,detected_uncorrectable,,,416,256,160,7,6,5,1,0.625
main,32,hamming-secded-13-8,1,50,0.02,3,main-664,corrected,True,,416,256,160,7,7,7,0,0.625
main,32,hamming-secded-13-8,1,50,0.02,4,main-665,corrected,True,,416,256,160,8,8,8,0,0.625
main,32,hamming-secded-13-8,1,50,0.02,5,main-666,detected_uncorrectable,,,416,256,160,9,8,7,1,0.625
main,32,hamming-secded-13-8,1,50,0.02,6,main-667,detected_uncorrectable,,,416,256,160,11,9,7,2,0.625
main,32,hamming-secded-13-8,1,50,0.02,7,main-668,corrected,True,,416,256,160,7,7,7,0,0.625
main,32,hamming-secded-13-8,1,50,0.02,8,main-669,detected_uncorrectable,,,416,256,160,17,14,11,3,0.625
main,32,hamming-secded-13-8,1,50,0.02,9,main-670,detected_uncorrectable,,,416,256,160,10,8,6,2,0.625
main,32,hamming-secded-13-8,1,50,0.02,10,main-671,detected_uncorrectable,,,416,256,160,15,13,11,2,0.625
main,32,hamming-secded-13-8,1,50,0.02,11,main-672,corrected,True,,416,256,160,9,9,9,0,0.625
main,32,hamming-secded-13-8,1,50,0.02,12,main-673,corrected,True,,416,256,160,7,7,7,0,0.625
main,32,hamming-secded-13-8,1,50,0.02,13,main-674,detected_uncorrectable,,,416,256,160,8,6,4,2,0.625
main,32,hamming-secded-13-8,1,50,0.02,14,main-675,detected_uncorrectable,,,416,256,160,12,10,8,2,0.625
main,32,hamming-secded-13-8,1,50,0.02,15,main-676,detected_uncorrectable,,,416,256,160,4,3,2,1,0.625
main,32,hamming-secded-13-8,1,50,0.02,16,main-677,corrected,True,,416,256,160,7,7,7,0,0.625
main,32,hamming-secded-13-8,1,50,0.02,17,main-678,detected_uncorrectable,,,416,256,160,9,8,7,1,0.625
main,32,hamming-secded-13-8,1,50,0.02,18,main-679,detected_uncorrectable,,,416,256,160,8,7,6,1,0.625
main,32,hamming-secded-13-8,1,50,0.02,19,main-680,detected_uncorrectable,,,416,256,160,14,12,10,2,0.625
main,32,hamming-secded-13-8,1,20,0.05,0,main-681,detected_uncorrectable,,,416,256,160,20,15,12,3,0.625
main,32,hamming-secded-13-8,1,20,0.05,1,main-682,detected_uncorrectable,,,416,256,160,19,14,9,5,0.625
main,32,hamming-secded-13-8,1,20,0.05,2,main-683,detected_uncorrectable,,,416,256,160,17,14,11,3,0.625
main,32,hamming-secded-13-8,1,20,0.05,3,main-684,detected_uncorrectable,,,416,256,160,15,12,9,3,0.625
main,32,hamming-secded-13-8,1,20,0.05,4,main-685,detected_uncorrectable,,,416,256,160,26,21,18,3,0.625
main,32,hamming-secded-13-8,1,20,0.05,5,main-686,detected_uncorrectable,,,416,256,160,25,20,15,5,0.625
main,32,hamming-secded-13-8,1,20,0.05,6,main-687,detected_uncorrectable,,,416,256,160,22,17,12,5,0.625
main,32,hamming-secded-13-8,1,20,0.05,7,main-688,detected_uncorrectable,,,416,256,160,18,14,10,4,0.625
main,32,hamming-secded-13-8,1,20,0.05,8,main-689,detected_uncorrectable,,,416,256,160,25,19,15,4,0.625
main,32,hamming-secded-13-8,1,20,0.05,9,main-690,detected_uncorrectable,,,416,256,160,20,15,10,5,0.625
main,32,hamming-secded-13-8,1,20,0.05,10,main-691,detected_uncorrectable,,,416,256,160,26,20,14,6,0.625
main,32,hamming-secded-13-8,1,20,0.05,11,main-692,detected_uncorrectable,,,416,256,160,17,14,11,3,0.625
main,32,hamming-secded-13-8,1,20,0.05,12,main-693,detected_uncorrectable,,,416,256,160,23,18,13,5,0.625
main,32,hamming-secded-13-8,1,20,0.05,13,main-694,detected_uncorrectable,,,416,256,160,21,15,9,6,0.625
main,32,hamming-secded-13-8,1,20,0.05,14,main-695,detected_uncorrectable,,,416,256,160,29,19,15,4,0.625
main,32,hamming-secded-13-8,1,20,0.05,15,main-696,detected_uncorrectable,,,416,256,160,20,14,8,6,0.625
main,32,hamming-secded-13-8,1,20,0.05,16,main-697,detected_uncorrectable,,,416,256,160,15,13,11,2,0.625
main,32,hamming-secded-13-8,1,20,0.05,17,main-698,detected_uncorrectable,,,416,256,160,33,22,15,7,0.625
main,32,hamming-secded-13-8,1,20,0.05,18,main-699,detected_uncorrectable,,,416,256,160,24,20,16,4,0.625
main,32,hamming-secded-13-8,1,20,0.05,19,main-700,detected_uncorrectable,,,416,256,160,29,21,13,8,0.625
main,32,hamming-secded-13-8,1,10,0.1,0,main-701,detected_uncorrectable,,,416,256,160,33,22,15,7,0.625
main,32,hamming-secded-13-8,1,10,0.1,1,main-702,detected_uncorrectable,,,416,256,160,48,26,18,8,0.625
main,32,hamming-secded-13-8,1,10,0.1,2,main-703,detected_uncorrectable,,,416,256,160,37,25,17,8,0.625
main,32,hamming-secded-13-8,1,10,0.1,3,main-704,detected_uncorrectable,,,416,256,160,39,27,17,10,0.625
main,32,hamming-secded-13-8,1,10,0.1,4,main-705,detected_uncorrectable,,,416,256,160,47,27,15,12,0.625
main,32,hamming-secded-13-8,1,10,0.1,5,main-706,detected_uncorrectable,,,416,256,160,37,26,19,7,0.625
main,32,hamming-secded-13-8,1,10,0.1,6,main-707,detected_uncorrectable,,,416,256,160,41,23,10,13,0.625
main,32,hamming-secded-13-8,1,10,0.1,7,main-708,detected_uncorrectable,,,416,256,160,41,23,14,9,0.625
main,32,hamming-secded-13-8,1,10,0.1,8,main-709,detected_uncorrectable,,,416,256,160,43,23,14,9,0.625
main,32,hamming-secded-13-8,1,10,0.1,9,main-710,detected_uncorrectable,,,416,256,160,40,22,14,8,0.625
main,32,hamming-secded-13-8,1,10,0.1,10,main-711,detected_uncorrectable,,,416,256,160,42,24,11,13,0.625
main,32,hamming-secded-13-8,1,10,0.1,11,main-712,detected_uncorrectable,,,416,256,160,27,17,10,7,0.625
main,32,hamming-secded-13-8,1,10,0.1,12,main-713,detected_uncorrectable,,,416,256,160,40,23,15,8,0.625
main,32,hamming-secded-13-8,1,10,0.1,13,main-714,detected_uncorrectable,,,416,256,160,41,25,15,10,0.625
main,32,hamming-secded-13-8,1,10,0.1,14,main-715,detected_uncorrectable,,,416,256,160,49,25,14,11,0.625
main,32,hamming-secded-13-8,1,10,0.1,15,main-716,detected_uncorrectable,,,416,256,160,43,24,14,10,0.625
main,32,hamming-secded-13-8,1,10,0.1,16,main-717,detected_uncorrectable,,,416,256,160,39,26,15,11,0.625
main,32,hamming-secded-13-8,1,10,0.1,17,main-718,detected_uncorrectable,,,416,256,160,52,25,15,10,0.625
main,32,hamming-secded-13-8,1,10,0.1,18,main-719,detected_uncorrectable,,,416,256,160,54,29,18,11,0.625
main,32,hamming-secded-13-8,1,10,0.1,19,main-720,detected_uncorrectable,,,416,256,160,44,25,13,12,0.625
main,128,crc32-iso-hdlc,0,1,0.0,0,main-721,ok,True,,1056,1024,32,0,0,0,0,0.03125
main,128,crc32-iso-hdlc,0,1,0.0,1,main-722,ok,True,,1056,1024,32,0,0,0,0,0.03125
main,128,crc32-iso-hdlc,0,1,0.0,2,main-723,ok,True,,1056,1024,32,0,0,0,0,0.03125
main,128,crc32-iso-hdlc,0,1,0.0,3,main-724,ok,True,,1056,1024,32,0,0,0,0,0.03125
main,128,crc32-iso-hdlc,0,1,0.0,4,main-725,ok,True,,1056,1024,32,0,0,0,0,0.03125
main,128,crc32-iso-hdlc,0,1,0.0,5,main-726,ok,True,,1056,1024,32,0,0,0,0,0.03125
main,128,crc32-iso-hdlc,0,1,0.0,6,main-727,ok,True,,1056,1024,32,0,0,0,0,0.03125
main,128,crc32-iso-hdlc,0,1,0.0,7,main-728,ok,True,,1056,1024,32,0,0,0,0,0.03125
main,128,crc32-iso-hdlc,0,1,0.0,8,main-729,ok,True,,1056,1024,32,0,0,0,0,0.03125
main,128,crc32-iso-hdlc,0,1,0.0,9,main-730,ok,True,,1056,1024,32,0,0,0,0,0.03125
main,128,crc32-iso-hdlc,0,1,0.0,10,main-731,ok,True,,1056,1024,32,0,0,0,0,0.03125
main,128,crc32-iso-hdlc,0,1,0.0,11,main-732,ok,True,,1056,1024,32,0,0,0,0,0.03125
main,128,crc32-iso-hdlc,0,1,0.0,12,main-733,ok,True,,1056,1024,32,0,0,0,0,0.03125
main,128,crc32-iso-hdlc,0,1,0.0,13,main-734,ok,True,,1056,1024,32,0,0,0,0,0.03125
main,128,crc32-iso-hdlc,0,1,0.0,14,main-735,ok,True,,1056,1024,32,0,0,0,0,0.03125
main,128,crc32-iso-hdlc,0,1,0.0,15,main-736,ok,True,,1056,1024,32,0,0,0,0,0.03125
main,128,crc32-iso-hdlc,0,1,0.0,16,main-737,ok,True,,1056,1024,32,0,0,0,0,0.03125
main,128,crc32-iso-hdlc,0,1,0.0,17,main-738,ok,True,,1056,1024,32,0,0,0,0,0.03125
main,128,crc32-iso-hdlc,0,1,0.0,18,main-739,ok,True,,1056,1024,32,0,0,0,0,0.03125
main,128,crc32-iso-hdlc,0,1,0.0,19,main-740,ok,True,,1056,1024,32,0,0,0,0,0.03125
main,128,crc32-iso-hdlc,1,100000,1e-05,0,main-741,ok,True,,1056,1024,32,0,0,0,0,0.03125
main,128,crc32-iso-hdlc,1,100000,1e-05,1,main-742,ok,True,,1056,1024,32,0,0,0,0,0.03125
main,128,crc32-iso-hdlc,1,100000,1e-05,2,main-743,ok,True,,1056,1024,32,0,0,0,0,0.03125
main,128,crc32-iso-hdlc,1,100000,1e-05,3,main-744,ok,True,,1056,1024,32,0,0,0,0,0.03125
main,128,crc32-iso-hdlc,1,100000,1e-05,4,main-745,ok,True,,1056,1024,32,0,0,0,0,0.03125
main,128,crc32-iso-hdlc,1,100000,1e-05,5,main-746,ok,True,,1056,1024,32,0,0,0,0,0.03125
main,128,crc32-iso-hdlc,1,100000,1e-05,6,main-747,ok,True,,1056,1024,32,0,0,0,0,0.03125
main,128,crc32-iso-hdlc,1,100000,1e-05,7,main-748,ok,True,,1056,1024,32,0,0,0,0,0.03125
main,128,crc32-iso-hdlc,1,100000,1e-05,8,main-749,ok,True,,1056,1024,32,0,0,0,0,0.03125
main,128,crc32-iso-hdlc,1,100000,1e-05,9,main-750,ok,True,,1056,1024,32,0,0,0,0,0.03125
main,128,crc32-iso-hdlc,1,100000,1e-05,10,main-751,ok,True,,1056,1024,32,0,0,0,0,0.03125
main,128,crc32-iso-hdlc,1,100000,1e-05,11,main-752,ok,True,,1056,1024,32,0,0,0,0,0.03125
main,128,crc32-iso-hdlc,1,100000,1e-05,12,main-753,ok,True,,1056,1024,32,0,0,0,0,0.03125
main,128,crc32-iso-hdlc,1,100000,1e-05,13,main-754,ok,True,,1056,1024,32,0,0,0,0,0.03125
main,128,crc32-iso-hdlc,1,100000,1e-05,14,main-755,ok,True,,1056,1024,32,0,0,0,0,0.03125
main,128,crc32-iso-hdlc,1,100000,1e-05,15,main-756,ok,True,,1056,1024,32,0,0,0,0,0.03125
main,128,crc32-iso-hdlc,1,100000,1e-05,16,main-757,ok,True,,1056,1024,32,0,0,0,0,0.03125
main,128,crc32-iso-hdlc,1,100000,1e-05,17,main-758,ok,True,,1056,1024,32,0,0,0,0,0.03125
main,128,crc32-iso-hdlc,1,100000,1e-05,18,main-759,ok,True,,1056,1024,32,0,0,0,0,0.03125
main,128,crc32-iso-hdlc,1,100000,1e-05,19,main-760,ok,True,,1056,1024,32,0,0,0,0,0.03125
main,128,crc32-iso-hdlc,1,10000,0.0001,0,main-761,ok,True,,1056,1024,32,0,0,0,0,0.03125
main,128,crc32-iso-hdlc,1,10000,0.0001,1,main-762,ok,True,,1056,1024,32,0,0,0,0,0.03125
main,128,crc32-iso-hdlc,1,10000,0.0001,2,main-763,ok,True,,1056,1024,32,0,0,0,0,0.03125
main,128,crc32-iso-hdlc,1,10000,0.0001,3,main-764,ok,True,,1056,1024,32,0,0,0,0,0.03125
main,128,crc32-iso-hdlc,1,10000,0.0001,4,main-765,ok,True,,1056,1024,32,0,0,0,0,0.03125
main,128,crc32-iso-hdlc,1,10000,0.0001,5,main-766,ok,True,,1056,1024,32,0,0,0,0,0.03125
main,128,crc32-iso-hdlc,1,10000,0.0001,6,main-767,ok,True,,1056,1024,32,0,0,0,0,0.03125
main,128,crc32-iso-hdlc,1,10000,0.0001,7,main-768,ok,True,,1056,1024,32,0,0,0,0,0.03125
main,128,crc32-iso-hdlc,1,10000,0.0001,8,main-769,detected_uncorrectable,,,1056,1024,32,1,1,0,1,0.03125
main,128,crc32-iso-hdlc,1,10000,0.0001,9,main-770,ok,True,,1056,1024,32,0,0,0,0,0.03125
main,128,crc32-iso-hdlc,1,10000,0.0001,10,main-771,ok,True,,1056,1024,32,0,0,0,0,0.03125
main,128,crc32-iso-hdlc,1,10000,0.0001,11,main-772,ok,True,,1056,1024,32,0,0,0,0,0.03125
main,128,crc32-iso-hdlc,1,10000,0.0001,12,main-773,ok,True,,1056,1024,32,0,0,0,0,0.03125
main,128,crc32-iso-hdlc,1,10000,0.0001,13,main-774,ok,True,,1056,1024,32,0,0,0,0,0.03125
main,128,crc32-iso-hdlc,1,10000,0.0001,14,main-775,ok,True,,1056,1024,32,0,0,0,0,0.03125
main,128,crc32-iso-hdlc,1,10000,0.0001,15,main-776,ok,True,,1056,1024,32,0,0,0,0,0.03125
main,128,crc32-iso-hdlc,1,10000,0.0001,16,main-777,detected_uncorrectable,,,1056,1024,32,1,1,0,1,0.03125
main,128,crc32-iso-hdlc,1,10000,0.0001,17,main-778,ok,True,,1056,1024,32,0,0,0,0,0.03125
main,128,crc32-iso-hdlc,1,10000,0.0001,18,main-779,ok,True,,1056,1024,32,0,0,0,0,0.03125
main,128,crc32-iso-hdlc,1,10000,0.0001,19,main-780,ok,True,,1056,1024,32,0,0,0,0,0.03125
main,128,crc32-iso-hdlc,1,1000,0.001,0,main-781,detected_uncorrectable,,,1056,1024,32,2,1,0,1,0.03125
main,128,crc32-iso-hdlc,1,1000,0.001,1,main-782,detected_uncorrectable,,,1056,1024,32,1,1,0,1,0.03125
main,128,crc32-iso-hdlc,1,1000,0.001,2,main-783,detected_uncorrectable,,,1056,1024,32,2,1,0,1,0.03125
main,128,crc32-iso-hdlc,1,1000,0.001,3,main-784,detected_uncorrectable,,,1056,1024,32,1,1,0,1,0.03125
main,128,crc32-iso-hdlc,1,1000,0.001,4,main-785,ok,True,,1056,1024,32,0,0,0,0,0.03125
main,128,crc32-iso-hdlc,1,1000,0.001,5,main-786,detected_uncorrectable,,,1056,1024,32,1,1,0,1,0.03125
main,128,crc32-iso-hdlc,1,1000,0.001,6,main-787,detected_uncorrectable,,,1056,1024,32,3,1,0,1,0.03125
main,128,crc32-iso-hdlc,1,1000,0.001,7,main-788,detected_uncorrectable,,,1056,1024,32,1,1,0,1,0.03125
main,128,crc32-iso-hdlc,1,1000,0.001,8,main-789,detected_uncorrectable,,,1056,1024,32,3,1,0,1,0.03125
main,128,crc32-iso-hdlc,1,1000,0.001,9,main-790,detected_uncorrectable,,,1056,1024,32,1,1,0,1,0.03125
main,128,crc32-iso-hdlc,1,1000,0.001,10,main-791,detected_uncorrectable,,,1056,1024,32,5,1,0,1,0.03125
main,128,crc32-iso-hdlc,1,1000,0.001,11,main-792,detected_uncorrectable,,,1056,1024,32,1,1,0,1,0.03125
main,128,crc32-iso-hdlc,1,1000,0.001,12,main-793,detected_uncorrectable,,,1056,1024,32,1,1,0,1,0.03125
main,128,crc32-iso-hdlc,1,1000,0.001,13,main-794,ok,True,,1056,1024,32,0,0,0,0,0.03125
main,128,crc32-iso-hdlc,1,1000,0.001,14,main-795,detected_uncorrectable,,,1056,1024,32,2,1,0,1,0.03125
main,128,crc32-iso-hdlc,1,1000,0.001,15,main-796,ok,True,,1056,1024,32,0,0,0,0,0.03125
main,128,crc32-iso-hdlc,1,1000,0.001,16,main-797,detected_uncorrectable,,,1056,1024,32,2,1,0,1,0.03125
main,128,crc32-iso-hdlc,1,1000,0.001,17,main-798,detected_uncorrectable,,,1056,1024,32,2,1,0,1,0.03125
main,128,crc32-iso-hdlc,1,1000,0.001,18,main-799,ok,True,,1056,1024,32,0,0,0,0,0.03125
main,128,crc32-iso-hdlc,1,1000,0.001,19,main-800,detected_uncorrectable,,,1056,1024,32,3,1,0,1,0.03125
main,128,crc32-iso-hdlc,1,200,0.005,0,main-801,detected_uncorrectable,,,1056,1024,32,6,1,0,1,0.03125
main,128,crc32-iso-hdlc,1,200,0.005,1,main-802,detected_uncorrectable,,,1056,1024,32,6,1,0,1,0.03125
main,128,crc32-iso-hdlc,1,200,0.005,2,main-803,detected_uncorrectable,,,1056,1024,32,6,1,0,1,0.03125
main,128,crc32-iso-hdlc,1,200,0.005,3,main-804,detected_uncorrectable,,,1056,1024,32,3,1,0,1,0.03125
main,128,crc32-iso-hdlc,1,200,0.005,4,main-805,detected_uncorrectable,,,1056,1024,32,3,1,0,1,0.03125
main,128,crc32-iso-hdlc,1,200,0.005,5,main-806,detected_uncorrectable,,,1056,1024,32,6,1,0,1,0.03125
main,128,crc32-iso-hdlc,1,200,0.005,6,main-807,detected_uncorrectable,,,1056,1024,32,8,1,0,1,0.03125
main,128,crc32-iso-hdlc,1,200,0.005,7,main-808,detected_uncorrectable,,,1056,1024,32,3,1,0,1,0.03125
main,128,crc32-iso-hdlc,1,200,0.005,8,main-809,detected_uncorrectable,,,1056,1024,32,10,1,0,1,0.03125
main,128,crc32-iso-hdlc,1,200,0.005,9,main-810,detected_uncorrectable,,,1056,1024,32,5,1,0,1,0.03125
main,128,crc32-iso-hdlc,1,200,0.005,10,main-811,detected_uncorrectable,,,1056,1024,32,10,1,0,1,0.03125
main,128,crc32-iso-hdlc,1,200,0.005,11,main-812,detected_uncorrectable,,,1056,1024,32,3,1,0,1,0.03125
main,128,crc32-iso-hdlc,1,200,0.005,12,main-813,detected_uncorrectable,,,1056,1024,32,2,1,0,1,0.03125
main,128,crc32-iso-hdlc,1,200,0.005,13,main-814,detected_uncorrectable,,,1056,1024,32,6,1,0,1,0.03125
main,128,crc32-iso-hdlc,1,200,0.005,14,main-815,detected_uncorrectable,,,1056,1024,32,9,1,0,1,0.03125
main,128,crc32-iso-hdlc,1,200,0.005,15,main-816,detected_uncorrectable,,,1056,1024,32,2,1,0,1,0.03125
main,128,crc32-iso-hdlc,1,200,0.005,16,main-817,detected_uncorrectable,,,1056,1024,32,7,1,0,1,0.03125
main,128,crc32-iso-hdlc,1,200,0.005,17,main-818,detected_uncorrectable,,,1056,1024,32,5,1,0,1,0.03125
main,128,crc32-iso-hdlc,1,200,0.005,18,main-819,detected_uncorrectable,,,1056,1024,32,3,1,0,1,0.03125
main,128,crc32-iso-hdlc,1,200,0.005,19,main-820,detected_uncorrectable,,,1056,1024,32,7,1,0,1,0.03125
main,128,crc32-iso-hdlc,1,100,0.01,0,main-821,detected_uncorrectable,,,1056,1024,32,10,1,0,1,0.03125
main,128,crc32-iso-hdlc,1,100,0.01,1,main-822,detected_uncorrectable,,,1056,1024,32,11,1,0,1,0.03125
main,128,crc32-iso-hdlc,1,100,0.01,2,main-823,detected_uncorrectable,,,1056,1024,32,15,1,0,1,0.03125
main,128,crc32-iso-hdlc,1,100,0.01,3,main-824,detected_uncorrectable,,,1056,1024,32,9,1,0,1,0.03125
main,128,crc32-iso-hdlc,1,100,0.01,4,main-825,detected_uncorrectable,,,1056,1024,32,8,1,0,1,0.03125
main,128,crc32-iso-hdlc,1,100,0.01,5,main-826,detected_uncorrectable,,,1056,1024,32,10,1,0,1,0.03125
main,128,crc32-iso-hdlc,1,100,0.01,6,main-827,detected_uncorrectable,,,1056,1024,32,13,1,0,1,0.03125
main,128,crc32-iso-hdlc,1,100,0.01,7,main-828,detected_uncorrectable,,,1056,1024,32,8,1,0,1,0.03125
main,128,crc32-iso-hdlc,1,100,0.01,8,main-829,detected_uncorrectable,,,1056,1024,32,20,1,0,1,0.03125
main,128,crc32-iso-hdlc,1,100,0.01,9,main-830,detected_uncorrectable,,,1056,1024,32,8,1,0,1,0.03125
main,128,crc32-iso-hdlc,1,100,0.01,10,main-831,detected_uncorrectable,,,1056,1024,32,16,1,0,1,0.03125
main,128,crc32-iso-hdlc,1,100,0.01,11,main-832,detected_uncorrectable,,,1056,1024,32,5,1,0,1,0.03125
main,128,crc32-iso-hdlc,1,100,0.01,12,main-833,detected_uncorrectable,,,1056,1024,32,10,1,0,1,0.03125
main,128,crc32-iso-hdlc,1,100,0.01,13,main-834,detected_uncorrectable,,,1056,1024,32,13,1,0,1,0.03125
main,128,crc32-iso-hdlc,1,100,0.01,14,main-835,detected_uncorrectable,,,1056,1024,32,17,1,0,1,0.03125
main,128,crc32-iso-hdlc,1,100,0.01,15,main-836,detected_uncorrectable,,,1056,1024,32,7,1,0,1,0.03125
main,128,crc32-iso-hdlc,1,100,0.01,16,main-837,detected_uncorrectable,,,1056,1024,32,8,1,0,1,0.03125
main,128,crc32-iso-hdlc,1,100,0.01,17,main-838,detected_uncorrectable,,,1056,1024,32,8,1,0,1,0.03125
main,128,crc32-iso-hdlc,1,100,0.01,18,main-839,detected_uncorrectable,,,1056,1024,32,6,1,0,1,0.03125
main,128,crc32-iso-hdlc,1,100,0.01,19,main-840,detected_uncorrectable,,,1056,1024,32,11,1,0,1,0.03125
main,128,crc32-iso-hdlc,1,50,0.02,0,main-841,detected_uncorrectable,,,1056,1024,32,17,1,0,1,0.03125
main,128,crc32-iso-hdlc,1,50,0.02,1,main-842,detected_uncorrectable,,,1056,1024,32,20,1,0,1,0.03125
main,128,crc32-iso-hdlc,1,50,0.02,2,main-843,detected_uncorrectable,,,1056,1024,32,27,1,0,1,0.03125
main,128,crc32-iso-hdlc,1,50,0.02,3,main-844,detected_uncorrectable,,,1056,1024,32,16,1,0,1,0.03125
main,128,crc32-iso-hdlc,1,50,0.02,4,main-845,detected_uncorrectable,,,1056,1024,32,22,1,0,1,0.03125
main,128,crc32-iso-hdlc,1,50,0.02,5,main-846,detected_uncorrectable,,,1056,1024,32,20,1,0,1,0.03125
main,128,crc32-iso-hdlc,1,50,0.02,6,main-847,detected_uncorrectable,,,1056,1024,32,27,1,0,1,0.03125
main,128,crc32-iso-hdlc,1,50,0.02,7,main-848,detected_uncorrectable,,,1056,1024,32,19,1,0,1,0.03125
main,128,crc32-iso-hdlc,1,50,0.02,8,main-849,detected_uncorrectable,,,1056,1024,32,33,1,0,1,0.03125
main,128,crc32-iso-hdlc,1,50,0.02,9,main-850,detected_uncorrectable,,,1056,1024,32,20,1,0,1,0.03125
main,128,crc32-iso-hdlc,1,50,0.02,10,main-851,detected_uncorrectable,,,1056,1024,32,30,1,0,1,0.03125
main,128,crc32-iso-hdlc,1,50,0.02,11,main-852,detected_uncorrectable,,,1056,1024,32,14,1,0,1,0.03125
main,128,crc32-iso-hdlc,1,50,0.02,12,main-853,detected_uncorrectable,,,1056,1024,32,15,1,0,1,0.03125
main,128,crc32-iso-hdlc,1,50,0.02,13,main-854,detected_uncorrectable,,,1056,1024,32,24,1,0,1,0.03125
main,128,crc32-iso-hdlc,1,50,0.02,14,main-855,detected_uncorrectable,,,1056,1024,32,25,1,0,1,0.03125
main,128,crc32-iso-hdlc,1,50,0.02,15,main-856,detected_uncorrectable,,,1056,1024,32,13,1,0,1,0.03125
main,128,crc32-iso-hdlc,1,50,0.02,16,main-857,detected_uncorrectable,,,1056,1024,32,14,1,0,1,0.03125
main,128,crc32-iso-hdlc,1,50,0.02,17,main-858,detected_uncorrectable,,,1056,1024,32,22,1,0,1,0.03125
main,128,crc32-iso-hdlc,1,50,0.02,18,main-859,detected_uncorrectable,,,1056,1024,32,17,1,0,1,0.03125
main,128,crc32-iso-hdlc,1,50,0.02,19,main-860,detected_uncorrectable,,,1056,1024,32,27,1,0,1,0.03125
main,128,crc32-iso-hdlc,1,20,0.05,0,main-861,detected_uncorrectable,,,1056,1024,32,47,1,0,1,0.03125
main,128,crc32-iso-hdlc,1,20,0.05,1,main-862,detected_uncorrectable,,,1056,1024,32,59,1,0,1,0.03125
main,128,crc32-iso-hdlc,1,20,0.05,2,main-863,detected_uncorrectable,,,1056,1024,32,56,1,0,1,0.03125
main,128,crc32-iso-hdlc,1,20,0.05,3,main-864,detected_uncorrectable,,,1056,1024,32,43,1,0,1,0.03125
main,128,crc32-iso-hdlc,1,20,0.05,4,main-865,detected_uncorrectable,,,1056,1024,32,60,1,0,1,0.03125
main,128,crc32-iso-hdlc,1,20,0.05,5,main-866,detected_uncorrectable,,,1056,1024,32,59,1,0,1,0.03125
main,128,crc32-iso-hdlc,1,20,0.05,6,main-867,detected_uncorrectable,,,1056,1024,32,60,1,0,1,0.03125
main,128,crc32-iso-hdlc,1,20,0.05,7,main-868,detected_uncorrectable,,,1056,1024,32,51,1,0,1,0.03125
main,128,crc32-iso-hdlc,1,20,0.05,8,main-869,detected_uncorrectable,,,1056,1024,32,52,1,0,1,0.03125
main,128,crc32-iso-hdlc,1,20,0.05,9,main-870,detected_uncorrectable,,,1056,1024,32,51,1,0,1,0.03125
main,128,crc32-iso-hdlc,1,20,0.05,10,main-871,detected_uncorrectable,,,1056,1024,32,62,1,0,1,0.03125
main,128,crc32-iso-hdlc,1,20,0.05,11,main-872,detected_uncorrectable,,,1056,1024,32,51,1,0,1,0.03125
main,128,crc32-iso-hdlc,1,20,0.05,12,main-873,detected_uncorrectable,,,1056,1024,32,47,1,0,1,0.03125
main,128,crc32-iso-hdlc,1,20,0.05,13,main-874,detected_uncorrectable,,,1056,1024,32,53,1,0,1,0.03125
main,128,crc32-iso-hdlc,1,20,0.05,14,main-875,detected_uncorrectable,,,1056,1024,32,61,1,0,1,0.03125
main,128,crc32-iso-hdlc,1,20,0.05,15,main-876,detected_uncorrectable,,,1056,1024,32,48,1,0,1,0.03125
main,128,crc32-iso-hdlc,1,20,0.05,16,main-877,detected_uncorrectable,,,1056,1024,32,43,1,0,1,0.03125
main,128,crc32-iso-hdlc,1,20,0.05,17,main-878,detected_uncorrectable,,,1056,1024,32,59,1,0,1,0.03125
main,128,crc32-iso-hdlc,1,20,0.05,18,main-879,detected_uncorrectable,,,1056,1024,32,57,1,0,1,0.03125
main,128,crc32-iso-hdlc,1,20,0.05,19,main-880,detected_uncorrectable,,,1056,1024,32,57,1,0,1,0.03125
main,128,crc32-iso-hdlc,1,10,0.1,0,main-881,detected_uncorrectable,,,1056,1024,32,95,1,0,1,0.03125
main,128,crc32-iso-hdlc,1,10,0.1,1,main-882,detected_uncorrectable,,,1056,1024,32,116,1,0,1,0.03125
main,128,crc32-iso-hdlc,1,10,0.1,2,main-883,detected_uncorrectable,,,1056,1024,32,101,1,0,1,0.03125
main,128,crc32-iso-hdlc,1,10,0.1,3,main-884,detected_uncorrectable,,,1056,1024,32,94,1,0,1,0.03125
main,128,crc32-iso-hdlc,1,10,0.1,4,main-885,detected_uncorrectable,,,1056,1024,32,107,1,0,1,0.03125
main,128,crc32-iso-hdlc,1,10,0.1,5,main-886,detected_uncorrectable,,,1056,1024,32,109,1,0,1,0.03125
main,128,crc32-iso-hdlc,1,10,0.1,6,main-887,detected_uncorrectable,,,1056,1024,32,108,1,0,1,0.03125
main,128,crc32-iso-hdlc,1,10,0.1,7,main-888,detected_uncorrectable,,,1056,1024,32,105,1,0,1,0.03125
main,128,crc32-iso-hdlc,1,10,0.1,8,main-889,detected_uncorrectable,,,1056,1024,32,106,1,0,1,0.03125
main,128,crc32-iso-hdlc,1,10,0.1,9,main-890,detected_uncorrectable,,,1056,1024,32,106,1,0,1,0.03125
main,128,crc32-iso-hdlc,1,10,0.1,10,main-891,detected_uncorrectable,,,1056,1024,32,98,1,0,1,0.03125
main,128,crc32-iso-hdlc,1,10,0.1,11,main-892,detected_uncorrectable,,,1056,1024,32,101,1,0,1,0.03125
main,128,crc32-iso-hdlc,1,10,0.1,12,main-893,detected_uncorrectable,,,1056,1024,32,94,1,0,1,0.03125
main,128,crc32-iso-hdlc,1,10,0.1,13,main-894,detected_uncorrectable,,,1056,1024,32,105,1,0,1,0.03125
main,128,crc32-iso-hdlc,1,10,0.1,14,main-895,detected_uncorrectable,,,1056,1024,32,111,1,0,1,0.03125
main,128,crc32-iso-hdlc,1,10,0.1,15,main-896,detected_uncorrectable,,,1056,1024,32,102,1,0,1,0.03125
main,128,crc32-iso-hdlc,1,10,0.1,16,main-897,detected_uncorrectable,,,1056,1024,32,114,1,0,1,0.03125
main,128,crc32-iso-hdlc,1,10,0.1,17,main-898,detected_uncorrectable,,,1056,1024,32,107,1,0,1,0.03125
main,128,crc32-iso-hdlc,1,10,0.1,18,main-899,detected_uncorrectable,,,1056,1024,32,114,1,0,1,0.03125
main,128,crc32-iso-hdlc,1,10,0.1,19,main-900,detected_uncorrectable,,,1056,1024,32,111,1,0,1,0.03125
main,128,hamming-secded-13-8,0,1,0.0,0,main-901,ok,True,,1664,1024,640,0,0,0,0,0.625
main,128,hamming-secded-13-8,0,1,0.0,1,main-902,ok,True,,1664,1024,640,0,0,0,0,0.625
main,128,hamming-secded-13-8,0,1,0.0,2,main-903,ok,True,,1664,1024,640,0,0,0,0,0.625
main,128,hamming-secded-13-8,0,1,0.0,3,main-904,ok,True,,1664,1024,640,0,0,0,0,0.625
main,128,hamming-secded-13-8,0,1,0.0,4,main-905,ok,True,,1664,1024,640,0,0,0,0,0.625
main,128,hamming-secded-13-8,0,1,0.0,5,main-906,ok,True,,1664,1024,640,0,0,0,0,0.625
main,128,hamming-secded-13-8,0,1,0.0,6,main-907,ok,True,,1664,1024,640,0,0,0,0,0.625
main,128,hamming-secded-13-8,0,1,0.0,7,main-908,ok,True,,1664,1024,640,0,0,0,0,0.625
main,128,hamming-secded-13-8,0,1,0.0,8,main-909,ok,True,,1664,1024,640,0,0,0,0,0.625
main,128,hamming-secded-13-8,0,1,0.0,9,main-910,ok,True,,1664,1024,640,0,0,0,0,0.625
main,128,hamming-secded-13-8,0,1,0.0,10,main-911,ok,True,,1664,1024,640,0,0,0,0,0.625
main,128,hamming-secded-13-8,0,1,0.0,11,main-912,ok,True,,1664,1024,640,0,0,0,0,0.625
main,128,hamming-secded-13-8,0,1,0.0,12,main-913,ok,True,,1664,1024,640,0,0,0,0,0.625
main,128,hamming-secded-13-8,0,1,0.0,13,main-914,ok,True,,1664,1024,640,0,0,0,0,0.625
main,128,hamming-secded-13-8,0,1,0.0,14,main-915,ok,True,,1664,1024,640,0,0,0,0,0.625
main,128,hamming-secded-13-8,0,1,0.0,15,main-916,ok,True,,1664,1024,640,0,0,0,0,0.625
main,128,hamming-secded-13-8,0,1,0.0,16,main-917,ok,True,,1664,1024,640,0,0,0,0,0.625
main,128,hamming-secded-13-8,0,1,0.0,17,main-918,ok,True,,1664,1024,640,0,0,0,0,0.625
main,128,hamming-secded-13-8,0,1,0.0,18,main-919,ok,True,,1664,1024,640,0,0,0,0,0.625
main,128,hamming-secded-13-8,0,1,0.0,19,main-920,ok,True,,1664,1024,640,0,0,0,0,0.625
main,128,hamming-secded-13-8,1,100000,1e-05,0,main-921,ok,True,,1664,1024,640,0,0,0,0,0.625
main,128,hamming-secded-13-8,1,100000,1e-05,1,main-922,ok,True,,1664,1024,640,0,0,0,0,0.625
main,128,hamming-secded-13-8,1,100000,1e-05,2,main-923,ok,True,,1664,1024,640,0,0,0,0,0.625
main,128,hamming-secded-13-8,1,100000,1e-05,3,main-924,ok,True,,1664,1024,640,0,0,0,0,0.625
main,128,hamming-secded-13-8,1,100000,1e-05,4,main-925,ok,True,,1664,1024,640,0,0,0,0,0.625
main,128,hamming-secded-13-8,1,100000,1e-05,5,main-926,ok,True,,1664,1024,640,0,0,0,0,0.625
main,128,hamming-secded-13-8,1,100000,1e-05,6,main-927,ok,True,,1664,1024,640,0,0,0,0,0.625
main,128,hamming-secded-13-8,1,100000,1e-05,7,main-928,ok,True,,1664,1024,640,0,0,0,0,0.625
main,128,hamming-secded-13-8,1,100000,1e-05,8,main-929,ok,True,,1664,1024,640,0,0,0,0,0.625
main,128,hamming-secded-13-8,1,100000,1e-05,9,main-930,ok,True,,1664,1024,640,0,0,0,0,0.625
main,128,hamming-secded-13-8,1,100000,1e-05,10,main-931,ok,True,,1664,1024,640,0,0,0,0,0.625
main,128,hamming-secded-13-8,1,100000,1e-05,11,main-932,ok,True,,1664,1024,640,0,0,0,0,0.625
main,128,hamming-secded-13-8,1,100000,1e-05,12,main-933,ok,True,,1664,1024,640,0,0,0,0,0.625
main,128,hamming-secded-13-8,1,100000,1e-05,13,main-934,ok,True,,1664,1024,640,0,0,0,0,0.625
main,128,hamming-secded-13-8,1,100000,1e-05,14,main-935,ok,True,,1664,1024,640,0,0,0,0,0.625
main,128,hamming-secded-13-8,1,100000,1e-05,15,main-936,ok,True,,1664,1024,640,0,0,0,0,0.625
main,128,hamming-secded-13-8,1,100000,1e-05,16,main-937,ok,True,,1664,1024,640,0,0,0,0,0.625
main,128,hamming-secded-13-8,1,100000,1e-05,17,main-938,ok,True,,1664,1024,640,0,0,0,0,0.625
main,128,hamming-secded-13-8,1,100000,1e-05,18,main-939,ok,True,,1664,1024,640,0,0,0,0,0.625
main,128,hamming-secded-13-8,1,100000,1e-05,19,main-940,ok,True,,1664,1024,640,0,0,0,0,0.625
main,128,hamming-secded-13-8,1,10000,0.0001,0,main-941,ok,True,,1664,1024,640,0,0,0,0,0.625
main,128,hamming-secded-13-8,1,10000,0.0001,1,main-942,ok,True,,1664,1024,640,0,0,0,0,0.625
main,128,hamming-secded-13-8,1,10000,0.0001,2,main-943,ok,True,,1664,1024,640,0,0,0,0,0.625
main,128,hamming-secded-13-8,1,10000,0.0001,3,main-944,ok,True,,1664,1024,640,0,0,0,0,0.625
main,128,hamming-secded-13-8,1,10000,0.0001,4,main-945,ok,True,,1664,1024,640,0,0,0,0,0.625
main,128,hamming-secded-13-8,1,10000,0.0001,5,main-946,ok,True,,1664,1024,640,0,0,0,0,0.625
main,128,hamming-secded-13-8,1,10000,0.0001,6,main-947,ok,True,,1664,1024,640,0,0,0,0,0.625
main,128,hamming-secded-13-8,1,10000,0.0001,7,main-948,ok,True,,1664,1024,640,0,0,0,0,0.625
main,128,hamming-secded-13-8,1,10000,0.0001,8,main-949,corrected,True,,1664,1024,640,1,1,1,0,0.625
main,128,hamming-secded-13-8,1,10000,0.0001,9,main-950,ok,True,,1664,1024,640,0,0,0,0,0.625
main,128,hamming-secded-13-8,1,10000,0.0001,10,main-951,ok,True,,1664,1024,640,0,0,0,0,0.625
main,128,hamming-secded-13-8,1,10000,0.0001,11,main-952,ok,True,,1664,1024,640,0,0,0,0,0.625
main,128,hamming-secded-13-8,1,10000,0.0001,12,main-953,ok,True,,1664,1024,640,0,0,0,0,0.625
main,128,hamming-secded-13-8,1,10000,0.0001,13,main-954,ok,True,,1664,1024,640,0,0,0,0,0.625
main,128,hamming-secded-13-8,1,10000,0.0001,14,main-955,ok,True,,1664,1024,640,0,0,0,0,0.625
main,128,hamming-secded-13-8,1,10000,0.0001,15,main-956,ok,True,,1664,1024,640,0,0,0,0,0.625
main,128,hamming-secded-13-8,1,10000,0.0001,16,main-957,corrected,True,,1664,1024,640,1,1,1,0,0.625
main,128,hamming-secded-13-8,1,10000,0.0001,17,main-958,ok,True,,1664,1024,640,0,0,0,0,0.625
main,128,hamming-secded-13-8,1,10000,0.0001,18,main-959,ok,True,,1664,1024,640,0,0,0,0,0.625
main,128,hamming-secded-13-8,1,10000,0.0001,19,main-960,ok,True,,1664,1024,640,0,0,0,0,0.625
main,128,hamming-secded-13-8,1,1000,0.001,0,main-961,corrected,True,,1664,1024,640,2,2,2,0,0.625
main,128,hamming-secded-13-8,1,1000,0.001,1,main-962,corrected,True,,1664,1024,640,1,1,1,0,0.625
main,128,hamming-secded-13-8,1,1000,0.001,2,main-963,corrected,True,,1664,1024,640,3,3,3,0,0.625
main,128,hamming-secded-13-8,1,1000,0.001,3,main-964,corrected,True,,1664,1024,640,1,1,1,0,0.625
main,128,hamming-secded-13-8,1,1000,0.001,4,main-965,ok,True,,1664,1024,640,0,0,0,0,0.625
main,128,hamming-secded-13-8,1,1000,0.001,5,main-966,corrected,True,,1664,1024,640,3,3,3,0,0.625
main,128,hamming-secded-13-8,1,1000,0.001,6,main-967,corrected,True,,1664,1024,640,4,4,4,0,0.625
main,128,hamming-secded-13-8,1,1000,0.001,7,main-968,corrected,True,,1664,1024,640,2,2,2,0,0.625
main,128,hamming-secded-13-8,1,1000,0.001,8,main-969,corrected,True,,1664,1024,640,3,3,3,0,0.625
main,128,hamming-secded-13-8,1,1000,0.001,9,main-970,corrected,True,,1664,1024,640,1,1,1,0,0.625
main,128,hamming-secded-13-8,1,1000,0.001,10,main-971,corrected,True,,1664,1024,640,5,5,5,0,0.625
main,128,hamming-secded-13-8,1,1000,0.001,11,main-972,corrected,True,,1664,1024,640,2,2,2,0,0.625
main,128,hamming-secded-13-8,1,1000,0.001,12,main-973,corrected,True,,1664,1024,640,2,2,2,0,0.625
main,128,hamming-secded-13-8,1,1000,0.001,13,main-974,corrected,True,,1664,1024,640,1,1,1,0,0.625
main,128,hamming-secded-13-8,1,1000,0.001,14,main-975,corrected,True,,1664,1024,640,2,2,2,0,0.625
main,128,hamming-secded-13-8,1,1000,0.001,15,main-976,corrected,True,,1664,1024,640,1,1,1,0,0.625
main,128,hamming-secded-13-8,1,1000,0.001,16,main-977,corrected,True,,1664,1024,640,2,2,2,0,0.625
main,128,hamming-secded-13-8,1,1000,0.001,17,main-978,corrected,True,,1664,1024,640,2,2,2,0,0.625
main,128,hamming-secded-13-8,1,1000,0.001,18,main-979,corrected,True,,1664,1024,640,2,2,2,0,0.625
main,128,hamming-secded-13-8,1,1000,0.001,19,main-980,corrected,True,,1664,1024,640,3,3,3,0,0.625
main,128,hamming-secded-13-8,1,200,0.005,0,main-981,corrected,True,,1664,1024,640,10,10,10,0,0.625
main,128,hamming-secded-13-8,1,200,0.005,1,main-982,corrected,True,,1664,1024,640,7,7,7,0,0.625
main,128,hamming-secded-13-8,1,200,0.005,2,main-983,corrected,True,,1664,1024,640,12,12,12,0,0.625
main,128,hamming-secded-13-8,1,200,0.005,3,main-984,corrected,True,,1664,1024,640,5,5,5,0,0.625
main,128,hamming-secded-13-8,1,200,0.005,4,main-985,corrected,True,,1664,1024,640,6,6,6,0,0.625
main,128,hamming-secded-13-8,1,200,0.005,5,main-986,corrected,True,,1664,1024,640,8,8,8,0,0.625
main,128,hamming-secded-13-8,1,200,0.005,6,main-987,detected_uncorrectable,,,1664,1024,640,12,11,10,1,0.625
main,128,hamming-secded-13-8,1,200,0.005,7,main-988,corrected,True,,1664,1024,640,7,7,7,0,0.625
main,128,hamming-secded-13-8,1,200,0.005,8,main-989,corrected,True,,1664,1024,640,11,11,11,0,0.625
main,128,hamming-secded-13-8,1,200,0.005,9,main-990,corrected,True,,1664,1024,640,6,6,6,0,0.625
main,128,hamming-secded-13-8,1,200,0.005,10,main-991,detected_uncorrectable,,,1664,1024,640,12,11,10,1,0.625
main,128,hamming-secded-13-8,1,200,0.005,11,main-992,corrected,True,,1664,1024,640,6,6,6,0,0.625
main,128,hamming-secded-13-8,1,200,0.005,12,main-993,detected_uncorrectable,,,1664,1024,640,5,4,3,1,0.625
main,128,hamming-secded-13-8,1,200,0.005,13,main-994,corrected,True,,1664,1024,640,14,14,14,0,0.625
main,128,hamming-secded-13-8,1,200,0.005,14,main-995,corrected,True,,1664,1024,640,11,11,11,0,0.625
main,128,hamming-secded-13-8,1,200,0.005,15,main-996,corrected,True,,1664,1024,640,5,5,5,0,0.625
main,128,hamming-secded-13-8,1,200,0.005,16,main-997,corrected,True,,1664,1024,640,9,9,9,0,0.625
main,128,hamming-secded-13-8,1,200,0.005,17,main-998,detected_uncorrectable,,,1664,1024,640,6,5,4,1,0.625
main,128,hamming-secded-13-8,1,200,0.005,18,main-999,corrected,True,,1664,1024,640,8,8,8,0,0.625
main,128,hamming-secded-13-8,1,200,0.005,19,main-1000,corrected,True,,1664,1024,640,9,9,9,0,0.625
main,128,hamming-secded-13-8,1,100,0.01,0,main-1001,detected_uncorrectable,,,1664,1024,640,20,19,18,1,0.625
main,128,hamming-secded-13-8,1,100,0.01,1,main-1002,corrected,True,,1664,1024,640,14,14,14,0,0.625
main,128,hamming-secded-13-8,1,100,0.01,2,main-1003,detected_uncorrectable,,,1664,1024,640,22,21,20,1,0.625
main,128,hamming-secded-13-8,1,100,0.01,3,main-1004,detected_uncorrectable,,,1664,1024,640,16,15,14,1,0.625
main,128,hamming-secded-13-8,1,100,0.01,4,main-1005,detected_uncorrectable,,,1664,1024,640,15,14,13,1,0.625
main,128,hamming-secded-13-8,1,100,0.01,5,main-1006,detected_uncorrectable,,,1664,1024,640,15,14,13,1,0.625
main,128,hamming-secded-13-8,1,100,0.01,6,main-1007,detected_uncorrectable,,,1664,1024,640,21,19,17,2,0.625
main,128,hamming-secded-13-8,1,100,0.01,7,main-1008,detected_uncorrectable,,,1664,1024,640,17,15,13,2,0.625
main,128,hamming-secded-13-8,1,100,0.01,8,main-1009,detected_uncorrectable,,,1664,1024,640,26,24,22,2,0.625
main,128,hamming-secded-13-8,1,100,0.01,9,main-1010,corrected,True,,1664,1024,640,13,13,13,0,0.625
main,128,hamming-secded-13-8,1,100,0.01,10,main-1011,detected_uncorrectable,,,1664,1024,640,20,18,16,2,0.625
main,128,hamming-secded-13-8,1,100,0.01,11,main-1012,corrected,True,,1664,1024,640,12,12,12,0,0.625
main,128,hamming-secded-13-8,1,100,0.01,12,main-1013,detected_uncorrectable,,,1664,1024,640,17,16,15,1,0.625
main,128,hamming-secded-13-8,1,100,0.01,13,main-1014,detected_uncorrectable,,,1664,1024,640,29,28,27,1,0.625
main,128,hamming-secded-13-8,1,100,0.01,14,main-1015,detected_uncorrectable,,,1664,1024,640,27,25,23,2,0.625
main,128,hamming-secded-13-8,1,100,0.01,15,main-1016,detected_uncorrectable,,,1664,1024,640,14,13,12,1,0.625
main,128,hamming-secded-13-8,1,100,0.01,16,main-1017,corrected,True,,1664,1024,640,12,12,12,0,0.625
main,128,hamming-secded-13-8,1,100,0.01,17,main-1018,detected_uncorrectable,,,1664,1024,640,12,11,10,1,0.625
main,128,hamming-secded-13-8,1,100,0.01,18,main-1019,detected_uncorrectable,,,1664,1024,640,15,14,13,1,0.625
main,128,hamming-secded-13-8,1,100,0.01,19,main-1020,detected_uncorrectable,,,1664,1024,640,16,15,14,1,0.625
main,128,hamming-secded-13-8,1,50,0.02,0,main-1021,detected_uncorrectable,,,1664,1024,640,31,27,23,4,0.625
main,128,hamming-secded-13-8,1,50,0.02,1,main-1022,detected_uncorrectable,,,1664,1024,640,28,26,24,2,0.625
main,128,hamming-secded-13-8,1,50,0.02,2,main-1023,detected_uncorrectable,,,1664,1024,640,40,35,30,5,0.625
main,128,hamming-secded-13-8,1,50,0.02,3,main-1024,detected_uncorrectable,,,1664,1024,640,29,23,17,6,0.625
main,128,hamming-secded-13-8,1,50,0.02,4,main-1025,detected_uncorrectable,,,1664,1024,640,34,31,30,1,0.625
main,128,hamming-secded-13-8,1,50,0.02,5,main-1026,detected_uncorrectable,,,1664,1024,640,29,24,19,5,0.625
main,128,hamming-secded-13-8,1,50,0.02,6,main-1027,detected_uncorrectable,,,1664,1024,640,44,38,32,6,0.625
main,128,hamming-secded-13-8,1,50,0.02,7,main-1028,detected_uncorrectable,,,1664,1024,640,34,30,26,4,0.625
main,128,hamming-secded-13-8,1,50,0.02,8,main-1029,detected_uncorrectable,,,1664,1024,640,49,43,37,6,0.625
main,128,hamming-secded-13-8,1,50,0.02,9,main-1030,detected_uncorrectable,,,1664,1024,640,31,28,25,3,0.625
main,128,hamming-secded-13-8,1,50,0.02,10,main-1031,detected_uncorrectable,,,1664,1024,640,40,36,33,3,0.625
main,128,hamming-secded-13-8,1,50,0.02,11,main-1032,detected_uncorrectable,,,1664,1024,640,28,24,20,4,0.625
main,128,hamming-secded-13-8,1,50,0.02,12,main-1033,detected_uncorrectable,,,1664,1024,640,28,24,23,1,0.625
main,128,hamming-secded-13-8,1,50,0.02,13,main-1034,detected_uncorrectable,,,1664,1024,640,44,40,36,4,0.625
main,128,hamming-secded-13-8,1,50,0.02,14,main-1035,detected_uncorrectable,,,1664,1024,640,41,36,31,5,0.625
main,128,hamming-secded-13-8,1,50,0.02,15,main-1036,detected_uncorrectable,,,1664,1024,640,26,23,20,3,0.625
main,128,hamming-secded-13-8,1,50,0.02,16,main-1037,detected_uncorrectable,,,1664,1024,640,24,23,22,1,0.625
main,128,hamming-secded-13-8,1,50,0.02,17,main-1038,detected_uncorrectable,,,1664,1024,640,30,28,26,2,0.625
main,128,hamming-secded-13-8,1,50,0.02,18,main-1039,detected_uncorrectable,,,1664,1024,640,31,26,22,4,0.625
main,128,hamming-secded-13-8,1,50,0.02,19,main-1040,detected_uncorrectable,,,1664,1024,640,39,36,33,3,0.625
main,128,hamming-secded-13-8,1,20,0.05,0,main-1041,detected_uncorrectable,,,1664,1024,640,82,60,45,15,0.625
main,128,hamming-secded-13-8,1,20,0.05,1,main-1042,detected_uncorrectable,,,1664,1024,640,94,74,54,20,0.625
main,128,hamming-secded-13-8,1,20,0.05,2,main-1043,detected_uncorrectable,,,1664,1024,640,89,61,46,15,0.625
main,128,hamming-secded-13-8,1,20,0.05,3,main-1044,detected_uncorrectable,,,1664,1024,640,76,57,40,17,0.625
main,128,hamming-secded-13-8,1,20,0.05,4,main-1045,detected_uncorrectable,,,1664,1024,640,90,67,53,14,0.625
main,128,hamming-secded-13-8,1,20,0.05,5,main-1046,detected_uncorrectable,,,1664,1024,640,87,68,53,15,0.625
main,128,hamming-secded-13-8,1,20,0.05,6,main-1047,detected_uncorrectable,,,1664,1024,640,97,73,55,18,0.625
main,128,hamming-secded-13-8,1,20,0.05,7,main-1048,detected_uncorrectable,,,1664,1024,640,81,59,43,16,0.625
main,128,hamming-secded-13-8,1,20,0.05,8,main-1049,detected_uncorrectable,,,1664,1024,640,82,64,48,16,0.625
main,128,hamming-secded-13-8,1,20,0.05,9,main-1050,detected_uncorrectable,,,1664,1024,640,81,61,45,16,0.625
main,128,hamming-secded-13-8,1,20,0.05,10,main-1051,detected_uncorrectable,,,1664,1024,640,91,69,51,18,0.625
main,128,hamming-secded-13-8,1,20,0.05,11,main-1052,detected_uncorrectable,,,1664,1024,640,88,66,50,16,0.625
main,128,hamming-secded-13-8,1,20,0.05,12,main-1053,detected_uncorrectable,,,1664,1024,640,76,61,51,10,0.625
main,128,hamming-secded-13-8,1,20,0.05,13,main-1054,detected_uncorrectable,,,1664,1024,640,85,64,47,17,0.625
main,128,hamming-secded-13-8,1,20,0.05,14,main-1055,detected_uncorrectable,,,1664,1024,640,95,67,47,20,0.625
main,128,hamming-secded-13-8,1,20,0.05,15,main-1056,detected_uncorrectable,,,1664,1024,640,78,61,44,17,0.625
main,128,hamming-secded-13-8,1,20,0.05,16,main-1057,detected_uncorrectable,,,1664,1024,640,73,62,52,10,0.625
main,128,hamming-secded-13-8,1,20,0.05,17,main-1058,detected_uncorrectable,,,1664,1024,640,79,58,47,11,0.625
main,128,hamming-secded-13-8,1,20,0.05,18,main-1059,detected_uncorrectable,,,1664,1024,640,93,70,57,13,0.625
main,128,hamming-secded-13-8,1,20,0.05,19,main-1060,detected_uncorrectable,,,1664,1024,640,96,69,48,21,0.625
main,128,hamming-secded-13-8,1,10,0.1,0,main-1061,detected_uncorrectable,,,1664,1024,640,160,90,51,39,0.625
main,128,hamming-secded-13-8,1,10,0.1,1,main-1062,detected_uncorrectable,,,1664,1024,640,178,102,64,38,0.625
main,128,hamming-secded-13-8,1,10,0.1,2,main-1063,detected_uncorrectable,,,1664,1024,640,172,101,63,38,0.625
main,128,hamming-secded-13-8,1,10,0.1,3,main-1064,detected_uncorrectable,,,1664,1024,640,156,95,55,40,0.625
main,128,hamming-secded-13-8,1,10,0.1,4,main-1065,detected_uncorrectable,,,1664,1024,640,171,98,61,37,0.625
main,128,hamming-secded-13-8,1,10,0.1,5,main-1066,detected_uncorrectable,,,1664,1024,640,168,104,68,36,0.625
main,128,hamming-secded-13-8,1,10,0.1,6,main-1067,detected_uncorrectable,,,1664,1024,640,181,96,49,47,0.625
main,128,hamming-secded-13-8,1,10,0.1,7,main-1068,detected_uncorrectable,,,1664,1024,640,170,93,56,37,0.625
main,128,hamming-secded-13-8,1,10,0.1,8,main-1069,detected_uncorrectable,,,1664,1024,640,171,97,58,39,0.625
main,128,hamming-secded-13-8,1,10,0.1,9,main-1070,detected_uncorrectable,,,1664,1024,640,184,100,63,37,0.625
main,128,hamming-secded-13-8,1,10,0.1,10,main-1071,detected_uncorrectable,,,1664,1024,640,167,96,50,46,0.625
main,128,hamming-secded-13-8,1,10,0.1,11,main-1072,detected_uncorrectable,,,1664,1024,640,167,93,54,39,0.625
main,128,hamming-secded-13-8,1,10,0.1,12,main-1073,detected_uncorrectable,,,1664,1024,640,152,88,55,33,0.625
main,128,hamming-secded-13-8,1,10,0.1,13,main-1074,detected_uncorrectable,,,1664,1024,640,168,101,58,43,0.625
main,128,hamming-secded-13-8,1,10,0.1,14,main-1075,detected_uncorrectable,,,1664,1024,640,174,94,50,44,0.625
main,128,hamming-secded-13-8,1,10,0.1,15,main-1076,detected_uncorrectable,,,1664,1024,640,158,96,68,28,0.625
main,128,hamming-secded-13-8,1,10,0.1,16,main-1077,detected_uncorrectable,,,1664,1024,640,171,101,64,37,0.625
main,128,hamming-secded-13-8,1,10,0.1,17,main-1078,detected_uncorrectable,,,1664,1024,640,171,93,58,35,0.625
main,128,hamming-secded-13-8,1,10,0.1,18,main-1079,detected_uncorrectable,,,1664,1024,640,186,102,60,42,0.625
main,128,hamming-secded-13-8,1,10,0.1,19,main-1080,detected_uncorrectable,,,1664,1024,640,175,100,53,47,0.625
main,512,crc32-iso-hdlc,0,1,0.0,0,main-1081,ok,True,,4128,4096,32,0,0,0,0,0.0078125
main,512,crc32-iso-hdlc,0,1,0.0,1,main-1082,ok,True,,4128,4096,32,0,0,0,0,0.0078125
main,512,crc32-iso-hdlc,0,1,0.0,2,main-1083,ok,True,,4128,4096,32,0,0,0,0,0.0078125
main,512,crc32-iso-hdlc,0,1,0.0,3,main-1084,ok,True,,4128,4096,32,0,0,0,0,0.0078125
main,512,crc32-iso-hdlc,0,1,0.0,4,main-1085,ok,True,,4128,4096,32,0,0,0,0,0.0078125
main,512,crc32-iso-hdlc,0,1,0.0,5,main-1086,ok,True,,4128,4096,32,0,0,0,0,0.0078125
main,512,crc32-iso-hdlc,0,1,0.0,6,main-1087,ok,True,,4128,4096,32,0,0,0,0,0.0078125
main,512,crc32-iso-hdlc,0,1,0.0,7,main-1088,ok,True,,4128,4096,32,0,0,0,0,0.0078125
main,512,crc32-iso-hdlc,0,1,0.0,8,main-1089,ok,True,,4128,4096,32,0,0,0,0,0.0078125
main,512,crc32-iso-hdlc,0,1,0.0,9,main-1090,ok,True,,4128,4096,32,0,0,0,0,0.0078125
main,512,crc32-iso-hdlc,0,1,0.0,10,main-1091,ok,True,,4128,4096,32,0,0,0,0,0.0078125
main,512,crc32-iso-hdlc,0,1,0.0,11,main-1092,ok,True,,4128,4096,32,0,0,0,0,0.0078125
main,512,crc32-iso-hdlc,0,1,0.0,12,main-1093,ok,True,,4128,4096,32,0,0,0,0,0.0078125
main,512,crc32-iso-hdlc,0,1,0.0,13,main-1094,ok,True,,4128,4096,32,0,0,0,0,0.0078125
main,512,crc32-iso-hdlc,0,1,0.0,14,main-1095,ok,True,,4128,4096,32,0,0,0,0,0.0078125
main,512,crc32-iso-hdlc,0,1,0.0,15,main-1096,ok,True,,4128,4096,32,0,0,0,0,0.0078125
main,512,crc32-iso-hdlc,0,1,0.0,16,main-1097,ok,True,,4128,4096,32,0,0,0,0,0.0078125
main,512,crc32-iso-hdlc,0,1,0.0,17,main-1098,ok,True,,4128,4096,32,0,0,0,0,0.0078125
main,512,crc32-iso-hdlc,0,1,0.0,18,main-1099,ok,True,,4128,4096,32,0,0,0,0,0.0078125
main,512,crc32-iso-hdlc,0,1,0.0,19,main-1100,ok,True,,4128,4096,32,0,0,0,0,0.0078125
main,512,crc32-iso-hdlc,1,100000,1e-05,0,main-1101,ok,True,,4128,4096,32,0,0,0,0,0.0078125
main,512,crc32-iso-hdlc,1,100000,1e-05,1,main-1102,ok,True,,4128,4096,32,0,0,0,0,0.0078125
main,512,crc32-iso-hdlc,1,100000,1e-05,2,main-1103,ok,True,,4128,4096,32,0,0,0,0,0.0078125
main,512,crc32-iso-hdlc,1,100000,1e-05,3,main-1104,ok,True,,4128,4096,32,0,0,0,0,0.0078125
main,512,crc32-iso-hdlc,1,100000,1e-05,4,main-1105,ok,True,,4128,4096,32,0,0,0,0,0.0078125
main,512,crc32-iso-hdlc,1,100000,1e-05,5,main-1106,ok,True,,4128,4096,32,0,0,0,0,0.0078125
main,512,crc32-iso-hdlc,1,100000,1e-05,6,main-1107,ok,True,,4128,4096,32,0,0,0,0,0.0078125
main,512,crc32-iso-hdlc,1,100000,1e-05,7,main-1108,ok,True,,4128,4096,32,0,0,0,0,0.0078125
main,512,crc32-iso-hdlc,1,100000,1e-05,8,main-1109,ok,True,,4128,4096,32,0,0,0,0,0.0078125
main,512,crc32-iso-hdlc,1,100000,1e-05,9,main-1110,ok,True,,4128,4096,32,0,0,0,0,0.0078125
main,512,crc32-iso-hdlc,1,100000,1e-05,10,main-1111,ok,True,,4128,4096,32,0,0,0,0,0.0078125
main,512,crc32-iso-hdlc,1,100000,1e-05,11,main-1112,ok,True,,4128,4096,32,0,0,0,0,0.0078125
main,512,crc32-iso-hdlc,1,100000,1e-05,12,main-1113,ok,True,,4128,4096,32,0,0,0,0,0.0078125
main,512,crc32-iso-hdlc,1,100000,1e-05,13,main-1114,ok,True,,4128,4096,32,0,0,0,0,0.0078125
main,512,crc32-iso-hdlc,1,100000,1e-05,14,main-1115,ok,True,,4128,4096,32,0,0,0,0,0.0078125
main,512,crc32-iso-hdlc,1,100000,1e-05,15,main-1116,ok,True,,4128,4096,32,0,0,0,0,0.0078125
main,512,crc32-iso-hdlc,1,100000,1e-05,16,main-1117,ok,True,,4128,4096,32,0,0,0,0,0.0078125
main,512,crc32-iso-hdlc,1,100000,1e-05,17,main-1118,ok,True,,4128,4096,32,0,0,0,0,0.0078125
main,512,crc32-iso-hdlc,1,100000,1e-05,18,main-1119,ok,True,,4128,4096,32,0,0,0,0,0.0078125
main,512,crc32-iso-hdlc,1,100000,1e-05,19,main-1120,ok,True,,4128,4096,32,0,0,0,0,0.0078125
main,512,crc32-iso-hdlc,1,10000,0.0001,0,main-1121,ok,True,,4128,4096,32,0,0,0,0,0.0078125
main,512,crc32-iso-hdlc,1,10000,0.0001,1,main-1122,ok,True,,4128,4096,32,0,0,0,0,0.0078125
main,512,crc32-iso-hdlc,1,10000,0.0001,2,main-1123,ok,True,,4128,4096,32,0,0,0,0,0.0078125
main,512,crc32-iso-hdlc,1,10000,0.0001,3,main-1124,ok,True,,4128,4096,32,0,0,0,0,0.0078125
main,512,crc32-iso-hdlc,1,10000,0.0001,4,main-1125,ok,True,,4128,4096,32,0,0,0,0,0.0078125
main,512,crc32-iso-hdlc,1,10000,0.0001,5,main-1126,ok,True,,4128,4096,32,0,0,0,0,0.0078125
main,512,crc32-iso-hdlc,1,10000,0.0001,6,main-1127,ok,True,,4128,4096,32,0,0,0,0,0.0078125
main,512,crc32-iso-hdlc,1,10000,0.0001,7,main-1128,ok,True,,4128,4096,32,0,0,0,0,0.0078125
main,512,crc32-iso-hdlc,1,10000,0.0001,8,main-1129,detected_uncorrectable,,,4128,4096,32,1,1,0,1,0.0078125
main,512,crc32-iso-hdlc,1,10000,0.0001,9,main-1130,ok,True,,4128,4096,32,0,0,0,0,0.0078125
main,512,crc32-iso-hdlc,1,10000,0.0001,10,main-1131,ok,True,,4128,4096,32,0,0,0,0,0.0078125
main,512,crc32-iso-hdlc,1,10000,0.0001,11,main-1132,ok,True,,4128,4096,32,0,0,0,0,0.0078125
main,512,crc32-iso-hdlc,1,10000,0.0001,12,main-1133,ok,True,,4128,4096,32,0,0,0,0,0.0078125
main,512,crc32-iso-hdlc,1,10000,0.0001,13,main-1134,ok,True,,4128,4096,32,0,0,0,0,0.0078125
main,512,crc32-iso-hdlc,1,10000,0.0001,14,main-1135,detected_uncorrectable,,,4128,4096,32,1,1,0,1,0.0078125
main,512,crc32-iso-hdlc,1,10000,0.0001,15,main-1136,detected_uncorrectable,,,4128,4096,32,1,1,0,1,0.0078125
main,512,crc32-iso-hdlc,1,10000,0.0001,16,main-1137,detected_uncorrectable,,,4128,4096,32,1,1,0,1,0.0078125
main,512,crc32-iso-hdlc,1,10000,0.0001,17,main-1138,detected_uncorrectable,,,4128,4096,32,1,1,0,1,0.0078125
main,512,crc32-iso-hdlc,1,10000,0.0001,18,main-1139,ok,True,,4128,4096,32,0,0,0,0,0.0078125
main,512,crc32-iso-hdlc,1,10000,0.0001,19,main-1140,detected_uncorrectable,,,4128,4096,32,1,1,0,1,0.0078125
main,512,crc32-iso-hdlc,1,1000,0.001,0,main-1141,detected_uncorrectable,,,4128,4096,32,3,1,0,1,0.0078125
main,512,crc32-iso-hdlc,1,1000,0.001,1,main-1142,detected_uncorrectable,,,4128,4096,32,2,1,0,1,0.0078125
main,512,crc32-iso-hdlc,1,1000,0.001,2,main-1143,detected_uncorrectable,,,4128,4096,32,4,1,0,1,0.0078125
main,512,crc32-iso-hdlc,1,1000,0.001,3,main-1144,detected_uncorrectable,,,4128,4096,32,3,1,0,1,0.0078125
main,512,crc32-iso-hdlc,1,1000,0.001,4,main-1145,ok,True,,4128,4096,32,0,0,0,0,0.0078125
main,512,crc32-iso-hdlc,1,1000,0.001,5,main-1146,detected_uncorrectable,,,4128,4096,32,7,1,0,1,0.0078125
main,512,crc32-iso-hdlc,1,1000,0.001,6,main-1147,detected_uncorrectable,,,4128,4096,32,8,1,0,1,0.0078125
main,512,crc32-iso-hdlc,1,1000,0.001,7,main-1148,detected_uncorrectable,,,4128,4096,32,2,1,0,1,0.0078125
main,512,crc32-iso-hdlc,1,1000,0.001,8,main-1149,detected_uncorrectable,,,4128,4096,32,5,1,0,1,0.0078125
main,512,crc32-iso-hdlc,1,1000,0.001,9,main-1150,detected_uncorrectable,,,4128,4096,32,5,1,0,1,0.0078125
main,512,crc32-iso-hdlc,1,1000,0.001,10,main-1151,detected_uncorrectable,,,4128,4096,32,5,1,0,1,0.0078125
main,512,crc32-iso-hdlc,1,1000,0.001,11,main-1152,detected_uncorrectable,,,4128,4096,32,4,1,0,1,0.0078125
main,512,crc32-iso-hdlc,1,1000,0.001,12,main-1153,detected_uncorrectable,,,4128,4096,32,4,1,0,1,0.0078125
main,512,crc32-iso-hdlc,1,1000,0.001,13,main-1154,detected_uncorrectable,,,4128,4096,32,2,1,0,1,0.0078125
main,512,crc32-iso-hdlc,1,1000,0.001,14,main-1155,detected_uncorrectable,,,4128,4096,32,5,1,0,1,0.0078125
main,512,crc32-iso-hdlc,1,1000,0.001,15,main-1156,detected_uncorrectable,,,4128,4096,32,2,1,0,1,0.0078125
main,512,crc32-iso-hdlc,1,1000,0.001,16,main-1157,detected_uncorrectable,,,4128,4096,32,3,1,0,1,0.0078125
main,512,crc32-iso-hdlc,1,1000,0.001,17,main-1158,detected_uncorrectable,,,4128,4096,32,5,1,0,1,0.0078125
main,512,crc32-iso-hdlc,1,1000,0.001,18,main-1159,detected_uncorrectable,,,4128,4096,32,5,1,0,1,0.0078125
main,512,crc32-iso-hdlc,1,1000,0.001,19,main-1160,detected_uncorrectable,,,4128,4096,32,5,1,0,1,0.0078125
main,512,crc32-iso-hdlc,1,200,0.005,0,main-1161,detected_uncorrectable,,,4128,4096,32,28,1,0,1,0.0078125
main,512,crc32-iso-hdlc,1,200,0.005,1,main-1162,detected_uncorrectable,,,4128,4096,32,17,1,0,1,0.0078125
main,512,crc32-iso-hdlc,1,200,0.005,2,main-1163,detected_uncorrectable,,,4128,4096,32,24,1,0,1,0.0078125
main,512,crc32-iso-hdlc,1,200,0.005,3,main-1164,detected_uncorrectable,,,4128,4096,32,18,1,0,1,0.0078125
main,512,crc32-iso-hdlc,1,200,0.005,4,main-1165,detected_uncorrectable,,,4128,4096,32,23,1,0,1,0.0078125
main,512,crc32-iso-hdlc,1,200,0.005,5,main-1166,detected_uncorrectable,,,4128,4096,32,22,1,0,1,0.0078125
main,512,crc32-iso-hdlc,1,200,0.005,6,main-1167,detected_uncorrectable,,,4128,4096,32,23,1,0,1,0.0078125
main,512,crc32-iso-hdlc,1,200,0.005,7,main-1168,detected_uncorrectable,,,4128,4096,32,15,1,0,1,0.0078125
main,512,crc32-iso-hdlc,1,200,0.005,8,main-1169,detected_uncorrectable,,,4128,4096,32,20,1,0,1,0.0078125
main,512,crc32-iso-hdlc,1,200,0.005,9,main-1170,detected_uncorrectable,,,4128,4096,32,24,1,0,1,0.0078125
main,512,crc32-iso-hdlc,1,200,0.005,10,main-1171,detected_uncorrectable,,,4128,4096,32,18,1,0,1,0.0078125
main,512,crc32-iso-hdlc,1,200,0.005,11,main-1172,detected_uncorrectable,,,4128,4096,32,12,1,0,1,0.0078125
main,512,crc32-iso-hdlc,1,200,0.005,12,main-1173,detected_uncorrectable,,,4128,4096,32,11,1,0,1,0.0078125
main,512,crc32-iso-hdlc,1,200,0.005,13,main-1174,detected_uncorrectable,,,4128,4096,32,21,1,0,1,0.0078125
main,512,crc32-iso-hdlc,1,200,0.005,14,main-1175,detected_uncorrectable,,,4128,4096,32,25,1,0,1,0.0078125
main,512,crc32-iso-hdlc,1,200,0.005,15,main-1176,detected_uncorrectable,,,4128,4096,32,17,1,0,1,0.0078125
main,512,crc32-iso-hdlc,1,200,0.005,16,main-1177,detected_uncorrectable,,,4128,4096,32,18,1,0,1,0.0078125
main,512,crc32-iso-hdlc,1,200,0.005,17,main-1178,detected_uncorrectable,,,4128,4096,32,16,1,0,1,0.0078125
main,512,crc32-iso-hdlc,1,200,0.005,18,main-1179,detected_uncorrectable,,,4128,4096,32,22,1,0,1,0.0078125
main,512,crc32-iso-hdlc,1,200,0.005,19,main-1180,detected_uncorrectable,,,4128,4096,32,21,1,0,1,0.0078125
main,512,crc32-iso-hdlc,1,100,0.01,0,main-1181,detected_uncorrectable,,,4128,4096,32,53,1,0,1,0.0078125
main,512,crc32-iso-hdlc,1,100,0.01,1,main-1182,detected_uncorrectable,,,4128,4096,32,40,1,0,1,0.0078125
main,512,crc32-iso-hdlc,1,100,0.01,2,main-1183,detected_uncorrectable,,,4128,4096,32,47,1,0,1,0.0078125
main,512,crc32-iso-hdlc,1,100,0.01,3,main-1184,detected_uncorrectable,,,4128,4096,32,48,1,0,1,0.0078125
main,512,crc32-iso-hdlc,1,100,0.01,4,main-1185,detected_uncorrectable,,,4128,4096,32,44,1,0,1,0.0078125
main,512,crc32-iso-hdlc,1,100,0.01,5,main-1186,detected_uncorrectable,,,4128,4096,32,44,1,0,1,0.0078125
main,512,crc32-iso-hdlc,1,100,0.01,6,main-1187,detected_uncorrectable,,,4128,4096,32,51,1,0,1,0.0078125
main,512,crc32-iso-hdlc,1,100,0.01,7,main-1188,detected_uncorrectable,,,4128,4096,32,39,1,0,1,0.0078125
main,512,crc32-iso-hdlc,1,100,0.01,8,main-1189,detected_uncorrectable,,,4128,4096,32,50,1,0,1,0.0078125
main,512,crc32-iso-hdlc,1,100,0.01,9,main-1190,detected_uncorrectable,,,4128,4096,32,44,1,0,1,0.0078125
main,512,crc32-iso-hdlc,1,100,0.01,10,main-1191,detected_uncorrectable,,,4128,4096,32,38,1,0,1,0.0078125
main,512,crc32-iso-hdlc,1,100,0.01,11,main-1192,detected_uncorrectable,,,4128,4096,32,39,1,0,1,0.0078125
main,512,crc32-iso-hdlc,1,100,0.01,12,main-1193,detected_uncorrectable,,,4128,4096,32,32,1,0,1,0.0078125
main,512,crc32-iso-hdlc,1,100,0.01,13,main-1194,detected_uncorrectable,,,4128,4096,32,48,1,0,1,0.0078125
main,512,crc32-iso-hdlc,1,100,0.01,14,main-1195,detected_uncorrectable,,,4128,4096,32,50,1,0,1,0.0078125
main,512,crc32-iso-hdlc,1,100,0.01,15,main-1196,detected_uncorrectable,,,4128,4096,32,40,1,0,1,0.0078125
main,512,crc32-iso-hdlc,1,100,0.01,16,main-1197,detected_uncorrectable,,,4128,4096,32,26,1,0,1,0.0078125
main,512,crc32-iso-hdlc,1,100,0.01,17,main-1198,detected_uncorrectable,,,4128,4096,32,35,1,0,1,0.0078125
main,512,crc32-iso-hdlc,1,100,0.01,18,main-1199,detected_uncorrectable,,,4128,4096,32,40,1,0,1,0.0078125
main,512,crc32-iso-hdlc,1,100,0.01,19,main-1200,detected_uncorrectable,,,4128,4096,32,39,1,0,1,0.0078125
main,512,crc32-iso-hdlc,1,50,0.02,0,main-1201,detected_uncorrectable,,,4128,4096,32,91,1,0,1,0.0078125
main,512,crc32-iso-hdlc,1,50,0.02,1,main-1202,detected_uncorrectable,,,4128,4096,32,75,1,0,1,0.0078125
main,512,crc32-iso-hdlc,1,50,0.02,2,main-1203,detected_uncorrectable,,,4128,4096,32,85,1,0,1,0.0078125
main,512,crc32-iso-hdlc,1,50,0.02,3,main-1204,detected_uncorrectable,,,4128,4096,32,79,1,0,1,0.0078125
main,512,crc32-iso-hdlc,1,50,0.02,4,main-1205,detected_uncorrectable,,,4128,4096,32,91,1,0,1,0.0078125
main,512,crc32-iso-hdlc,1,50,0.02,5,main-1206,detected_uncorrectable,,,4128,4096,32,82,1,0,1,0.0078125
main,512,crc32-iso-hdlc,1,50,0.02,6,main-1207,detected_uncorrectable,,,4128,4096,32,97,1,0,1,0.0078125
main,512,crc32-iso-hdlc,1,50,0.02,7,main-1208,detected_uncorrectable,,,4128,4096,32,75,1,0,1,0.0078125
main,512,crc32-iso-hdlc,1,50,0.02,8,main-1209,detected_uncorrectable,,,4128,4096,32,94,1,0,1,0.0078125
main,512,crc32-iso-hdlc,1,50,0.02,9,main-1210,detected_uncorrectable,,,4128,4096,32,92,1,0,1,0.0078125
main,512,crc32-iso-hdlc,1,50,0.02,10,main-1211,detected_uncorrectable,,,4128,4096,32,86,1,0,1,0.0078125
main,512,crc32-iso-hdlc,1,50,0.02,11,main-1212,detected_uncorrectable,,,4128,4096,32,73,1,0,1,0.0078125
main,512,crc32-iso-hdlc,1,50,0.02,12,main-1213,detected_uncorrectable,,,4128,4096,32,65,1,0,1,0.0078125
main,512,crc32-iso-hdlc,1,50,0.02,13,main-1214,detected_uncorrectable,,,4128,4096,32,92,1,0,1,0.0078125
main,512,crc32-iso-hdlc,1,50,0.02,14,main-1215,detected_uncorrectable,,,4128,4096,32,83,1,0,1,0.0078125
main,512,crc32-iso-hdlc,1,50,0.02,15,main-1216,detected_uncorrectable,,,4128,4096,32,73,1,0,1,0.0078125
main,512,crc32-iso-hdlc,1,50,0.02,16,main-1217,detected_uncorrectable,,,4128,4096,32,64,1,0,1,0.0078125
main,512,crc32-iso-hdlc,1,50,0.02,17,main-1218,detected_uncorrectable,,,4128,4096,32,87,1,0,1,0.0078125
main,512,crc32-iso-hdlc,1,50,0.02,18,main-1219,detected_uncorrectable,,,4128,4096,32,80,1,0,1,0.0078125
main,512,crc32-iso-hdlc,1,50,0.02,19,main-1220,detected_uncorrectable,,,4128,4096,32,82,1,0,1,0.0078125
main,512,crc32-iso-hdlc,1,20,0.05,0,main-1221,detected_uncorrectable,,,4128,4096,32,223,1,0,1,0.0078125
main,512,crc32-iso-hdlc,1,20,0.05,1,main-1222,detected_uncorrectable,,,4128,4096,32,201,1,0,1,0.0078125
main,512,crc32-iso-hdlc,1,20,0.05,2,main-1223,detected_uncorrectable,,,4128,4096,32,217,1,0,1,0.0078125
main,512,crc32-iso-hdlc,1,20,0.05,3,main-1224,detected_uncorrectable,,,4128,4096,32,201,1,0,1,0.0078125
main,512,crc32-iso-hdlc,1,20,0.05,4,main-1225,detected_uncorrectable,,,4128,4096,32,239,1,0,1,0.0078125
main,512,crc32-iso-hdlc,1,20,0.05,5,main-1226,detected_uncorrectable,,,4128,4096,32,204,1,0,1,0.0078125
main,512,crc32-iso-hdlc,1,20,0.05,6,main-1227,detected_uncorrectable,,,4128,4096,32,233,1,0,1,0.0078125
main,512,crc32-iso-hdlc,1,20,0.05,7,main-1228,detected_uncorrectable,,,4128,4096,32,204,1,0,1,0.0078125
main,512,crc32-iso-hdlc,1,20,0.05,8,main-1229,detected_uncorrectable,,,4128,4096,32,199,1,0,1,0.0078125
main,512,crc32-iso-hdlc,1,20,0.05,9,main-1230,detected_uncorrectable,,,4128,4096,32,222,1,0,1,0.0078125
main,512,crc32-iso-hdlc,1,20,0.05,10,main-1231,detected_uncorrectable,,,4128,4096,32,207,1,0,1,0.0078125
main,512,crc32-iso-hdlc,1,20,0.05,11,main-1232,detected_uncorrectable,,,4128,4096,32,207,1,0,1,0.0078125
main,512,crc32-iso-hdlc,1,20,0.05,12,main-1233,detected_uncorrectable,,,4128,4096,32,195,1,0,1,0.0078125
main,512,crc32-iso-hdlc,1,20,0.05,13,main-1234,detected_uncorrectable,,,4128,4096,32,223,1,0,1,0.0078125
main,512,crc32-iso-hdlc,1,20,0.05,14,main-1235,detected_uncorrectable,,,4128,4096,32,209,1,0,1,0.0078125
main,512,crc32-iso-hdlc,1,20,0.05,15,main-1236,detected_uncorrectable,,,4128,4096,32,189,1,0,1,0.0078125
main,512,crc32-iso-hdlc,1,20,0.05,16,main-1237,detected_uncorrectable,,,4128,4096,32,184,1,0,1,0.0078125
main,512,crc32-iso-hdlc,1,20,0.05,17,main-1238,detected_uncorrectable,,,4128,4096,32,207,1,0,1,0.0078125
main,512,crc32-iso-hdlc,1,20,0.05,18,main-1239,detected_uncorrectable,,,4128,4096,32,210,1,0,1,0.0078125
main,512,crc32-iso-hdlc,1,20,0.05,19,main-1240,detected_uncorrectable,,,4128,4096,32,214,1,0,1,0.0078125
main,512,crc32-iso-hdlc,1,10,0.1,0,main-1241,detected_uncorrectable,,,4128,4096,32,447,1,0,1,0.0078125
main,512,crc32-iso-hdlc,1,10,0.1,1,main-1242,detected_uncorrectable,,,4128,4096,32,444,1,0,1,0.0078125
main,512,crc32-iso-hdlc,1,10,0.1,2,main-1243,detected_uncorrectable,,,4128,4096,32,420,1,0,1,0.0078125
main,512,crc32-iso-hdlc,1,10,0.1,3,main-1244,detected_uncorrectable,,,4128,4096,32,409,1,0,1,0.0078125
main,512,crc32-iso-hdlc,1,10,0.1,4,main-1245,detected_uncorrectable,,,4128,4096,32,449,1,0,1,0.0078125
main,512,crc32-iso-hdlc,1,10,0.1,5,main-1246,detected_uncorrectable,,,4128,4096,32,410,1,0,1,0.0078125
main,512,crc32-iso-hdlc,1,10,0.1,6,main-1247,detected_uncorrectable,,,4128,4096,32,431,1,0,1,0.0078125
main,512,crc32-iso-hdlc,1,10,0.1,7,main-1248,detected_uncorrectable,,,4128,4096,32,406,1,0,1,0.0078125
main,512,crc32-iso-hdlc,1,10,0.1,8,main-1249,detected_uncorrectable,,,4128,4096,32,393,1,0,1,0.0078125
main,512,crc32-iso-hdlc,1,10,0.1,9,main-1250,detected_uncorrectable,,,4128,4096,32,429,1,0,1,0.0078125
main,512,crc32-iso-hdlc,1,10,0.1,10,main-1251,detected_uncorrectable,,,4128,4096,32,402,1,0,1,0.0078125
main,512,crc32-iso-hdlc,1,10,0.1,11,main-1252,detected_uncorrectable,,,4128,4096,32,415,1,0,1,0.0078125
main,512,crc32-iso-hdlc,1,10,0.1,12,main-1253,detected_uncorrectable,,,4128,4096,32,409,1,0,1,0.0078125
main,512,crc32-iso-hdlc,1,10,0.1,13,main-1254,detected_uncorrectable,,,4128,4096,32,428,1,0,1,0.0078125
main,512,crc32-iso-hdlc,1,10,0.1,14,main-1255,detected_uncorrectable,,,4128,4096,32,429,1,0,1,0.0078125
main,512,crc32-iso-hdlc,1,10,0.1,15,main-1256,detected_uncorrectable,,,4128,4096,32,402,1,0,1,0.0078125
main,512,crc32-iso-hdlc,1,10,0.1,16,main-1257,detected_uncorrectable,,,4128,4096,32,375,1,0,1,0.0078125
main,512,crc32-iso-hdlc,1,10,0.1,17,main-1258,detected_uncorrectable,,,4128,4096,32,437,1,0,1,0.0078125
main,512,crc32-iso-hdlc,1,10,0.1,18,main-1259,detected_uncorrectable,,,4128,4096,32,414,1,0,1,0.0078125
main,512,crc32-iso-hdlc,1,10,0.1,19,main-1260,detected_uncorrectable,,,4128,4096,32,377,1,0,1,0.0078125
main,512,hamming-secded-13-8,0,1,0.0,0,main-1261,ok,True,,6656,4096,2560,0,0,0,0,0.625
main,512,hamming-secded-13-8,0,1,0.0,1,main-1262,ok,True,,6656,4096,2560,0,0,0,0,0.625
main,512,hamming-secded-13-8,0,1,0.0,2,main-1263,ok,True,,6656,4096,2560,0,0,0,0,0.625
main,512,hamming-secded-13-8,0,1,0.0,3,main-1264,ok,True,,6656,4096,2560,0,0,0,0,0.625
main,512,hamming-secded-13-8,0,1,0.0,4,main-1265,ok,True,,6656,4096,2560,0,0,0,0,0.625
main,512,hamming-secded-13-8,0,1,0.0,5,main-1266,ok,True,,6656,4096,2560,0,0,0,0,0.625
main,512,hamming-secded-13-8,0,1,0.0,6,main-1267,ok,True,,6656,4096,2560,0,0,0,0,0.625
main,512,hamming-secded-13-8,0,1,0.0,7,main-1268,ok,True,,6656,4096,2560,0,0,0,0,0.625
main,512,hamming-secded-13-8,0,1,0.0,8,main-1269,ok,True,,6656,4096,2560,0,0,0,0,0.625
main,512,hamming-secded-13-8,0,1,0.0,9,main-1270,ok,True,,6656,4096,2560,0,0,0,0,0.625
main,512,hamming-secded-13-8,0,1,0.0,10,main-1271,ok,True,,6656,4096,2560,0,0,0,0,0.625
main,512,hamming-secded-13-8,0,1,0.0,11,main-1272,ok,True,,6656,4096,2560,0,0,0,0,0.625
main,512,hamming-secded-13-8,0,1,0.0,12,main-1273,ok,True,,6656,4096,2560,0,0,0,0,0.625
main,512,hamming-secded-13-8,0,1,0.0,13,main-1274,ok,True,,6656,4096,2560,0,0,0,0,0.625
main,512,hamming-secded-13-8,0,1,0.0,14,main-1275,ok,True,,6656,4096,2560,0,0,0,0,0.625
main,512,hamming-secded-13-8,0,1,0.0,15,main-1276,ok,True,,6656,4096,2560,0,0,0,0,0.625
main,512,hamming-secded-13-8,0,1,0.0,16,main-1277,ok,True,,6656,4096,2560,0,0,0,0,0.625
main,512,hamming-secded-13-8,0,1,0.0,17,main-1278,ok,True,,6656,4096,2560,0,0,0,0,0.625
main,512,hamming-secded-13-8,0,1,0.0,18,main-1279,ok,True,,6656,4096,2560,0,0,0,0,0.625
main,512,hamming-secded-13-8,0,1,0.0,19,main-1280,ok,True,,6656,4096,2560,0,0,0,0,0.625
main,512,hamming-secded-13-8,1,100000,1e-05,0,main-1281,ok,True,,6656,4096,2560,0,0,0,0,0.625
main,512,hamming-secded-13-8,1,100000,1e-05,1,main-1282,ok,True,,6656,4096,2560,0,0,0,0,0.625
main,512,hamming-secded-13-8,1,100000,1e-05,2,main-1283,ok,True,,6656,4096,2560,0,0,0,0,0.625
main,512,hamming-secded-13-8,1,100000,1e-05,3,main-1284,ok,True,,6656,4096,2560,0,0,0,0,0.625
main,512,hamming-secded-13-8,1,100000,1e-05,4,main-1285,ok,True,,6656,4096,2560,0,0,0,0,0.625
main,512,hamming-secded-13-8,1,100000,1e-05,5,main-1286,ok,True,,6656,4096,2560,0,0,0,0,0.625
main,512,hamming-secded-13-8,1,100000,1e-05,6,main-1287,ok,True,,6656,4096,2560,0,0,0,0,0.625
main,512,hamming-secded-13-8,1,100000,1e-05,7,main-1288,ok,True,,6656,4096,2560,0,0,0,0,0.625
main,512,hamming-secded-13-8,1,100000,1e-05,8,main-1289,ok,True,,6656,4096,2560,0,0,0,0,0.625
main,512,hamming-secded-13-8,1,100000,1e-05,9,main-1290,ok,True,,6656,4096,2560,0,0,0,0,0.625
main,512,hamming-secded-13-8,1,100000,1e-05,10,main-1291,ok,True,,6656,4096,2560,0,0,0,0,0.625
main,512,hamming-secded-13-8,1,100000,1e-05,11,main-1292,ok,True,,6656,4096,2560,0,0,0,0,0.625
main,512,hamming-secded-13-8,1,100000,1e-05,12,main-1293,ok,True,,6656,4096,2560,0,0,0,0,0.625
main,512,hamming-secded-13-8,1,100000,1e-05,13,main-1294,ok,True,,6656,4096,2560,0,0,0,0,0.625
main,512,hamming-secded-13-8,1,100000,1e-05,14,main-1295,ok,True,,6656,4096,2560,0,0,0,0,0.625
main,512,hamming-secded-13-8,1,100000,1e-05,15,main-1296,ok,True,,6656,4096,2560,0,0,0,0,0.625
main,512,hamming-secded-13-8,1,100000,1e-05,16,main-1297,ok,True,,6656,4096,2560,0,0,0,0,0.625
main,512,hamming-secded-13-8,1,100000,1e-05,17,main-1298,ok,True,,6656,4096,2560,0,0,0,0,0.625
main,512,hamming-secded-13-8,1,100000,1e-05,18,main-1299,ok,True,,6656,4096,2560,0,0,0,0,0.625
main,512,hamming-secded-13-8,1,100000,1e-05,19,main-1300,ok,True,,6656,4096,2560,0,0,0,0,0.625
main,512,hamming-secded-13-8,1,10000,0.0001,0,main-1301,ok,True,,6656,4096,2560,0,0,0,0,0.625
main,512,hamming-secded-13-8,1,10000,0.0001,1,main-1302,ok,True,,6656,4096,2560,0,0,0,0,0.625
main,512,hamming-secded-13-8,1,10000,0.0001,2,main-1303,corrected,True,,6656,4096,2560,2,2,2,0,0.625
main,512,hamming-secded-13-8,1,10000,0.0001,3,main-1304,ok,True,,6656,4096,2560,0,0,0,0,0.625
main,512,hamming-secded-13-8,1,10000,0.0001,4,main-1305,ok,True,,6656,4096,2560,0,0,0,0,0.625
main,512,hamming-secded-13-8,1,10000,0.0001,5,main-1306,ok,True,,6656,4096,2560,0,0,0,0,0.625
main,512,hamming-secded-13-8,1,10000,0.0001,6,main-1307,corrected,True,,6656,4096,2560,1,1,1,0,0.625
main,512,hamming-secded-13-8,1,10000,0.0001,7,main-1308,ok,True,,6656,4096,2560,0,0,0,0,0.625
main,512,hamming-secded-13-8,1,10000,0.0001,8,main-1309,corrected,True,,6656,4096,2560,1,1,1,0,0.625
main,512,hamming-secded-13-8,1,10000,0.0001,9,main-1310,corrected,True,,6656,4096,2560,1,1,1,0,0.625
main,512,hamming-secded-13-8,1,10000,0.0001,10,main-1311,corrected,True,,6656,4096,2560,1,1,1,0,0.625
main,512,hamming-secded-13-8,1,10000,0.0001,11,main-1312,ok,True,,6656,4096,2560,0,0,0,0,0.625
main,512,hamming-secded-13-8,1,10000,0.0001,12,main-1313,ok,True,,6656,4096,2560,0,0,0,0,0.625
main,512,hamming-secded-13-8,1,10000,0.0001,13,main-1314,ok,True,,6656,4096,2560,0,0,0,0,0.625
main,512,hamming-secded-13-8,1,10000,0.0001,14,main-1315,corrected,True,,6656,4096,2560,1,1,1,0,0.625
main,512,hamming-secded-13-8,1,10000,0.0001,15,main-1316,corrected,True,,6656,4096,2560,1,1,1,0,0.625
main,512,hamming-secded-13-8,1,10000,0.0001,16,main-1317,corrected,True,,6656,4096,2560,1,1,1,0,0.625
main,512,hamming-secded-13-8,1,10000,0.0001,17,main-1318,corrected,True,,6656,4096,2560,1,1,1,0,0.625
main,512,hamming-secded-13-8,1,10000,0.0001,18,main-1319,corrected,True,,6656,4096,2560,1,1,1,0,0.625
main,512,hamming-secded-13-8,1,10000,0.0001,19,main-1320,corrected,True,,6656,4096,2560,2,2,2,0,0.625
main,512,hamming-secded-13-8,1,1000,0.001,0,main-1321,corrected,True,,6656,4096,2560,6,6,6,0,0.625
main,512,hamming-secded-13-8,1,1000,0.001,1,main-1322,corrected,True,,6656,4096,2560,4,4,4,0,0.625
main,512,hamming-secded-13-8,1,1000,0.001,2,main-1323,corrected,True,,6656,4096,2560,7,7,7,0,0.625
main,512,hamming-secded-13-8,1,1000,0.001,3,main-1324,corrected,True,,6656,4096,2560,3,3,3,0,0.625
main,512,hamming-secded-13-8,1,1000,0.001,4,main-1325,corrected,True,,6656,4096,2560,5,5,5,0,0.625
main,512,hamming-secded-13-8,1,1000,0.001,5,main-1326,detected_uncorrectable,,,6656,4096,2560,9,8,7,1,0.625
main,512,hamming-secded-13-8,1,1000,0.001,6,main-1327,corrected,True,,6656,4096,2560,10,10,10,0,0.625
main,512,hamming-secded-13-8,1,1000,0.001,7,main-1328,corrected,True,,6656,4096,2560,5,5,5,0,0.625
main,512,hamming-secded-13-8,1,1000,0.001,8,main-1329,corrected,True,,6656,4096,2560,7,7,7,0,0.625
main,512,hamming-secded-13-8,1,1000,0.001,9,main-1330,detected_uncorrectable,,,6656,4096,2560,9,8,7,1,0.625
main,512,hamming-secded-13-8,1,1000,0.001,10,main-1331,corrected,True,,6656,4096,2560,9,9,9,0,0.625
main,512,hamming-secded-13-8,1,1000,0.001,11,main-1332,corrected,True,,6656,4096,2560,4,4,4,0,0.625
main,512,hamming-secded-13-8,1,1000,0.001,12,main-1333,corrected,True,,6656,4096,2560,6,6,6,0,0.625
main,512,hamming-secded-13-8,1,1000,0.001,13,main-1334,corrected,True,,6656,4096,2560,4,4,4,0,0.625
main,512,hamming-secded-13-8,1,1000,0.001,14,main-1335,corrected,True,,6656,4096,2560,5,5,5,0,0.625
main,512,hamming-secded-13-8,1,1000,0.001,15,main-1336,detected_uncorrectable,,,6656,4096,2560,7,6,5,1,0.625
main,512,hamming-secded-13-8,1,1000,0.001,16,main-1337,corrected,True,,6656,4096,2560,5,5,5,0,0.625
main,512,hamming-secded-13-8,1,1000,0.001,17,main-1338,corrected,True,,6656,4096,2560,7,7,7,0,0.625
main,512,hamming-secded-13-8,1,1000,0.001,18,main-1339,corrected,True,,6656,4096,2560,7,7,7,0,0.625
main,512,hamming-secded-13-8,1,1000,0.001,19,main-1340,corrected,True,,6656,4096,2560,9,9,9,0,0.625
main,512,hamming-secded-13-8,1,200,0.005,0,main-1341,detected_uncorrectable,,,6656,4096,2560,42,41,40,1,0.625
main,512,hamming-secded-13-8,1,200,0.005,1,main-1342,detected_uncorrectable,,,6656,4096,2560,29,28,27,1,0.625
main,512,hamming-secded-13-8,1,200,0.005,2,main-1343,detected_uncorrectable,,,6656,4096,2560,43,41,39,2,0.625
main,512,hamming-secded-13-8,1,200,0.005,3,main-1344,detected_uncorrectable,,,6656,4096,2560,29,27,25,2,0.625
main,512,hamming-secded-13-8,1,200,0.005,4,main-1345,detected_uncorrectable,,,6656,4096,2560,44,42,40,2,0.625
main,512,hamming-secded-13-8,1,200,0.005,5,main-1346,detected_uncorrectable,,,6656,4096,2560,35,33,31,2,0.625
main,512,hamming-secded-13-8,1,200,0.005,6,main-1347,detected_uncorrectable,,,6656,4096,2560,34,33,32,1,0.625
main,512,hamming-secded-13-8,1,200,0.005,7,main-1348,corrected,True,,6656,4096,2560,28,28,28,0,0.625
main,512,hamming-secded-13-8,1,200,0.005,8,main-1349,corrected,True,,6656,4096,2560,34,34,34,0,0.625
main,512,hamming-secded-13-8,1,200,0.005,9,main-1350,detected_uncorrectable,,,6656,4096,2560,38,37,36,1,0.625
main,512,hamming-secded-13-8,1,200,0.005,10,main-1351,detected_uncorrectable,,,6656,4096,2560,28,27,26,1,0.625
main,512,hamming-secded-13-8,1,200,0.005,11,main-1352,detected_uncorrectable,,,6656,4096,2560,23,22,21,1,0.625
main,512,hamming-secded-13-8,1,200,0.005,12,main-1353,detected_uncorrectable,,,6656,4096,2560,19,18,17,1,0.625
main,512,hamming-secded-13-8,1,200,0.005,13,main-1354,detected_uncorrectable,,,6656,4096,2560,34,33,32,1,0.625
main,512,hamming-secded-13-8,1,200,0.005,14,main-1355,detected_uncorrectable,,,6656,4096,2560,34,33,32,1,0.625
main,512,hamming-secded-13-8,1,200,0.005,15,main-1356,detected_uncorrectable,,,6656,4096,2560,30,29,28,1,0.625
main,512,hamming-secded-13-8,1,200,0.005,16,main-1357,corrected,True,,6656,4096,2560,32,32,32,0,0.625
main,512,hamming-secded-13-8,1,200,0.005,17,main-1358,detected_uncorrectable,,,6656,4096,2560,25,24,23,1,0.625
main,512,hamming-secded-13-8,1,200,0.005,18,main-1359,detected_uncorrectable,,,6656,4096,2560,37,36,35,1,0.625
main,512,hamming-secded-13-8,1,200,0.005,19,main-1360,detected_uncorrectable,,,6656,4096,2560,38,35,32,3,0.625
main,512,hamming-secded-13-8,1,100,0.01,0,main-1361,detected_uncorrectable,,,6656,4096,2560,78,72,68,4,0.625
main,512,hamming-secded-13-8,1,100,0.01,1,main-1362,detected_uncorrectable,,,6656,4096,2560,64,63,62,1,0.625
main,512,hamming-secded-13-8,1,100,0.01,2,main-1363,detected_uncorrectable,,,6656,4096,2560,82,77,72,5,0.625
main,512,hamming-secded-13-8,1,100,0.01,3,main-1364,detected_uncorrectable,,,6656,4096,2560,68,63,58,5,0.625
main,512,hamming-secded-13-8,1,100,0.01,4,main-1365,detected_uncorrectable,,,6656,4096,2560,81,75,71,4,0.625
main,512,hamming-secded-13-8,1,100,0.01,5,main-1366,detected_uncorrectable,,,6656,4096,2560,73,69,65,4,0.625
main,512,hamming-secded-13-8,1,100,0.01,6,main-1367,detected_uncorrectable,,,6656,4096,2560,80,75,70,5,0.625
main,512,hamming-secded-13-8,1,100,0.01,7,main-1368,detected_uncorrectable,,,6656,4096,2560,62,59,56,3,0.625
main,512,hamming-secded-13-8,1,100,0.01,8,main-1369,detected_uncorrectable,,,6656,4096,2560,72,67,62,5,0.625
main,512,hamming-secded-13-8,1,100,0.01,9,main-1370,detected_uncorrectable,,,6656,4096,2560,71,67,65,2,0.625
main,512,hamming-secded-13-8,1,100,0.01,10,main-1371,detected_uncorrectable,,,6656,4096,2560,57,54,51,3,0.625
main,512,hamming-secded-13-8,1,100,0.01,11,main-1372,detected_uncorrectable,,,6656,4096,2560,66,59,52,7,0.625
main,512,hamming-secded-13-8,1,100,0.01,12,main-1373,detected_uncorrectable,,,6656,4096,2560,48,45,42,3,0.625
main,512,hamming-secded-13-8,1,100,0.01,13,main-1374,detected_uncorrectable,,,6656,4096,2560,71,68,65,3,0.625
main,512,hamming-secded-13-8,1,100,0.01,14,main-1375,detected_uncorrectable,,,6656,4096,2560,85,80,75,5,0.625
main,512,hamming-secded-13-8,1,100,0.01,15,main-1376,detected_uncorrectable,,,6656,4096,2560,74,69,65,4,0.625
main,512,hamming-secded-13-8,1,100,0.01,16,main-1377,corrected,True,,6656,4096,2560,50,50,50,0,0.625
main,512,hamming-secded-13-8,1,100,0.01,17,main-1378,detected_uncorrectable,,,6656,4096,2560,65,60,55,5,0.625
main,512,hamming-secded-13-8,1,100,0.01,18,main-1379,detected_uncorrectable,,,6656,4096,2560,72,67,62,5,0.625
main,512,hamming-secded-13-8,1,100,0.01,19,main-1380,detected_uncorrectable,,,6656,4096,2560,69,63,57,6,0.625
main,512,hamming-secded-13-8,1,50,0.02,0,main-1381,detected_uncorrectable,,,6656,4096,2560,147,127,111,16,0.625
main,512,hamming-secded-13-8,1,50,0.02,1,main-1382,detected_uncorrectable,,,6656,4096,2560,122,109,100,9,0.625
main,512,hamming-secded-13-8,1,50,0.02,2,main-1383,detected_uncorrectable,,,6656,4096,2560,134,116,98,18,0.625
main,512,hamming-secded-13-8,1,50,0.02,3,main-1384,detected_uncorrectable,,,6656,4096,2560,130,110,90,20,0.625
main,512,hamming-secded-13-8,1,50,0.02,4,main-1385,detected_uncorrectable,,,6656,4096,2560,154,136,122,14,0.625
main,512,hamming-secded-13-8,1,50,0.02,5,main-1386,detected_uncorrectable,,,6656,4096,2560,141,119,99,20,0.625
main,512,hamming-secded-13-8,1,50,0.02,6,main-1387,detected_uncorrectable,,,6656,4096,2560,154,132,110,22,0.625
main,512,hamming-secded-13-8,1,50,0.02,7,main-1388,detected_uncorrectable,,,6656,4096,2560,122,108,94,14,0.625
main,512,hamming-secded-13-8,1,50,0.02,8,main-1389,detected_uncorrectable,,,6656,4096,2560,141,125,109,16,0.625
main,512,hamming-secded-13-8,1,50,0.02,9,main-1390,detected_uncorrectable,,,6656,4096,2560,148,132,118,14,0.625
main,512,hamming-secded-13-8,1,50,0.02,10,main-1391,detected_uncorrectable,,,6656,4096,2560,129,117,108,9,0.625
main,512,hamming-secded-13-8,1,50,0.02,11,main-1392,detected_uncorrectable,,,6656,4096,2560,131,108,89,19,0.625
main,512,hamming-secded-13-8,1,50,0.02,12,main-1393,detected_uncorrectable,,,6656,4096,2560,108,97,91,6,0.625
main,512,hamming-secded-13-8,1,50,0.02,13,main-1394,detected_uncorrectable,,,6656,4096,2560,139,123,109,14,0.625
main,512,hamming-secded-13-8,1,50,0.02,14,main-1395,detected_uncorrectable,,,6656,4096,2560,138,127,116,11,0.625
main,512,hamming-secded-13-8,1,50,0.02,15,main-1396,detected_uncorrectable,,,6656,4096,2560,137,119,106,13,0.625
main,512,hamming-secded-13-8,1,50,0.02,16,main-1397,detected_uncorrectable,,,6656,4096,2560,115,106,97,9,0.625
main,512,hamming-secded-13-8,1,50,0.02,17,main-1398,detected_uncorrectable,,,6656,4096,2560,139,126,113,13,0.625
main,512,hamming-secded-13-8,1,50,0.02,18,main-1399,detected_uncorrectable,,,6656,4096,2560,142,120,103,17,0.625
main,512,hamming-secded-13-8,1,50,0.02,19,main-1400,detected_uncorrectable,,,6656,4096,2560,139,129,119,10,0.625
main,512,hamming-secded-13-8,1,20,0.05,0,main-1401,detected_uncorrectable,,,6656,4096,2560,354,258,199,59,0.625
main,512,hamming-secded-13-8,1,20,0.05,1,main-1402,detected_uncorrectable,,,6656,4096,2560,342,260,196,64,0.625
main,512,hamming-secded-13-8,1,20,0.05,2,main-1403,detected_uncorrectable,,,6656,4096,2560,356,262,205,57,0.625
main,512,hamming-secded-13-8,1,20,0.05,3,main-1404,detected_uncorrectable,,,6656,4096,2560,336,244,180,64,0.625
main,512,hamming-secded-13-8,1,20,0.05,4,main-1405,detected_uncorrectable,,,6656,4096,2560,368,267,202,65,0.625
main,512,hamming-secded-13-8,1,20,0.05,5,main-1406,detected_uncorrectable,,,6656,4096,2560,336,252,195,57,0.625
main,512,hamming-secded-13-8,1,20,0.05,6,main-1407,detected_uncorrectable,,,6656,4096,2560,369,273,211,62,0.625
main,512,hamming-secded-13-8,1,20,0.05,7,main-1408,detected_uncorrectable,,,6656,4096,2560,326,239,179,60,0.625
main,512,hamming-secded-13-8,1,20,0.05,8,main-1409,detected_uncorrectable,,,6656,4096,2560,323,250,193,57,0.625
main,512,hamming-secded-13-8,1,20,0.05,9,main-1410,detected_uncorrectable,,,6656,4096,2560,358,263,201,62,0.625
main,512,hamming-secded-13-8,1,20,0.05,10,main-1411,detected_uncorrectable,,,6656,4096,2560,334,254,191,63,0.625
main,512,hamming-secded-13-8,1,20,0.05,11,main-1412,detected_uncorrectable,,,6656,4096,2560,361,254,179,75,0.625
main,512,hamming-secded-13-8,1,20,0.05,12,main-1413,detected_uncorrectable,,,6656,4096,2560,319,240,187,53,0.625
main,512,hamming-secded-13-8,1,20,0.05,13,main-1414,detected_uncorrectable,,,6656,4096,2560,350,254,180,74,0.625
main,512,hamming-secded-13-8,1,20,0.05,14,main-1415,detected_uncorrectable,,,6656,4096,2560,339,254,194,60,0.625
main,512,hamming-secded-13-8,1,20,0.05,15,main-1416,detected_uncorrectable,,,6656,4096,2560,334,247,181,66,0.625
main,512,hamming-secded-13-8,1,20,0.05,16,main-1417,detected_uncorrectable,,,6656,4096,2560,300,240,193,47,0.625
main,512,hamming-secded-13-8,1,20,0.05,17,main-1418,detected_uncorrectable,,,6656,4096,2560,333,244,183,61,0.625
main,512,hamming-secded-13-8,1,20,0.05,18,main-1419,detected_uncorrectable,,,6656,4096,2560,335,259,210,49,0.625
main,512,hamming-secded-13-8,1,20,0.05,19,main-1420,detected_uncorrectable,,,6656,4096,2560,338,264,205,59,0.625
main,512,hamming-secded-13-8,1,10,0.1,0,main-1421,detected_uncorrectable,,,6656,4096,2560,704,392,222,170,0.625
main,512,hamming-secded-13-8,1,10,0.1,1,main-1422,detected_uncorrectable,,,6656,4096,2560,722,396,236,160,0.625
main,512,hamming-secded-13-8,1,10,0.1,2,main-1423,detected_uncorrectable,,,6656,4096,2560,680,386,240,146,0.625
main,512,hamming-secded-13-8,1,10,0.1,3,main-1424,detected_uncorrectable,,,6656,4096,2560,674,387,224,163,0.625
main,512,hamming-secded-13-8,1,10,0.1,4,main-1425,detected_uncorrectable,,,6656,4096,2560,707,390,232,158,0.625
main,512,hamming-secded-13-8,1,10,0.1,5,main-1426,detected_uncorrectable,,,6656,4096,2560,653,383,232,151,0.625
main,512,hamming-secded-13-8,1,10,0.1,6,main-1427,detected_uncorrectable,,,6656,4096,2560,705,374,210,164,0.625
main,512,hamming-secded-13-8,1,10,0.1,7,main-1428,detected_uncorrectable,,,6656,4096,2560,643,372,223,149,0.625
main,512,hamming-secded-13-8,1,10,0.1,8,main-1429,detected_uncorrectable,,,6656,4096,2560,656,386,233,153,0.625
main,512,hamming-secded-13-8,1,10,0.1,9,main-1430,detected_uncorrectable,,,6656,4096,2560,689,391,241,150,0.625
main,512,hamming-secded-13-8,1,10,0.1,10,main-1431,detected_uncorrectable,,,6656,4096,2560,665,380,215,165,0.625
main,512,hamming-secded-13-8,1,10,0.1,11,main-1432,detected_uncorrectable,,,6656,4096,2560,704,382,229,153,0.625
main,512,hamming-secded-13-8,1,10,0.1,12,main-1433,detected_uncorrectable,,,6656,4096,2560,654,375,235,140,0.625
main,512,hamming-secded-13-8,1,10,0.1,13,main-1434,detected_uncorrectable,,,6656,4096,2560,668,390,236,154,0.625
main,512,hamming-secded-13-8,1,10,0.1,14,main-1435,detected_uncorrectable,,,6656,4096,2560,688,388,238,150,0.625
main,512,hamming-secded-13-8,1,10,0.1,15,main-1436,detected_uncorrectable,,,6656,4096,2560,678,381,246,135,0.625
main,512,hamming-secded-13-8,1,10,0.1,16,main-1437,detected_uncorrectable,,,6656,4096,2560,622,380,256,124,0.625
main,512,hamming-secded-13-8,1,10,0.1,17,main-1438,detected_uncorrectable,,,6656,4096,2560,691,395,244,151,0.625
main,512,hamming-secded-13-8,1,10,0.1,18,main-1439,detected_uncorrectable,,,6656,4096,2560,654,375,234,141,0.625
main,512,hamming-secded-13-8,1,10,0.1,19,main-1440,detected_uncorrectable,,,6656,4096,2560,631,375,224,151,0.625
overhead,1,crc32-iso-hdlc,0,1,0.0,0,overhead-1441,ok,True,,40,8,32,0,0,0,0,4.0
overhead,1,hamming-secded-13-8,0,1,0.0,0,overhead-1442,ok,True,,13,8,5,0,0,0,0,0.625
overhead,2,crc32-iso-hdlc,0,1,0.0,0,overhead-1443,ok,True,,48,16,32,0,0,0,0,2.0
overhead,2,hamming-secded-13-8,0,1,0.0,0,overhead-1444,ok,True,,26,16,10,0,0,0,0,0.625
overhead,4,crc32-iso-hdlc,0,1,0.0,0,overhead-1445,ok,True,,64,32,32,0,0,0,0,1.0
overhead,4,hamming-secded-13-8,0,1,0.0,0,overhead-1446,ok,True,,52,32,20,0,0,0,0,0.625
overhead,8,crc32-iso-hdlc,0,1,0.0,0,overhead-1447,ok,True,,96,64,32,0,0,0,0,0.5
overhead,8,hamming-secded-13-8,0,1,0.0,0,overhead-1448,ok,True,,104,64,40,0,0,0,0,0.625
overhead,16,crc32-iso-hdlc,0,1,0.0,0,overhead-1449,ok,True,,160,128,32,0,0,0,0,0.25
overhead,16,hamming-secded-13-8,0,1,0.0,0,overhead-1450,ok,True,,208,128,80,0,0,0,0,0.625
overhead,32,crc32-iso-hdlc,0,1,0.0,0,overhead-1451,ok,True,,288,256,32,0,0,0,0,0.125
overhead,32,hamming-secded-13-8,0,1,0.0,0,overhead-1452,ok,True,,416,256,160,0,0,0,0,0.625
overhead,64,crc32-iso-hdlc,0,1,0.0,0,overhead-1453,ok,True,,544,512,32,0,0,0,0,0.0625
overhead,64,hamming-secded-13-8,0,1,0.0,0,overhead-1454,ok,True,,832,512,320,0,0,0,0,0.625
overhead,128,crc32-iso-hdlc,0,1,0.0,0,overhead-1455,ok,True,,1056,1024,32,0,0,0,0,0.03125
overhead,128,hamming-secded-13-8,0,1,0.0,0,overhead-1456,ok,True,,1664,1024,640,0,0,0,0,0.625
overhead,256,crc32-iso-hdlc,0,1,0.0,0,overhead-1457,ok,True,,2080,2048,32,0,0,0,0,0.015625
overhead,256,hamming-secded-13-8,0,1,0.0,0,overhead-1458,ok,True,,3328,2048,1280,0,0,0,0,0.625
overhead,512,crc32-iso-hdlc,0,1,0.0,0,overhead-1459,ok,True,,4128,4096,32,0,0,0,0,0.0078125
overhead,512,hamming-secded-13-8,0,1,0.0,0,overhead-1460,ok,True,,6656,4096,2560,0,0,0,0,0.625
overhead,1024,crc32-iso-hdlc,0,1,0.0,0,overhead-1461,ok,True,,8224,8192,32,0,0,0,0,0.00390625
overhead,1024,hamming-secded-13-8,0,1,0.0,0,overhead-1462,ok,True,,13312,8192,5120,0,0,0,0,0.625
